name	region	country	alternate_name	wikipedia_uri
Aberavon	Wales	Wales	Aberavon	http://en.wikipedia.org/wiki/Aberavon_%28UK_Parliament_constituency%29
Aberconwy	Wales	Wales	Aberconwy	http://en.wikipedia.org/wiki/Aberconwy_%28UK_Parliament_constituency%29
Aberdeen North	Scotland	Scotland	Aberdeen North	http://en.wikipedia.org/wiki/Aberdeen_North_%28UK_Parliament_constituency%29
Aberdeen South	Scotland	Scotland	Aberdeen South	http://en.wikipedia.org/wiki/Aberdeen_South_%28UK_Parliament_constituency%29
Airdrie and Shotts	Scotland	Scotland	Airdrie and Shotts	http://en.wikipedia.org/wiki/Airdrie_and_Shotts_%28UK_Parliament_constituency%29
Aldershot	South East England	England	Aldershot	http://en.wikipedia.org/wiki/Aldershot_%28UK_Parliament_constituency%29
Aldridge-Brownhills	West Midlands	England	Aldridge-Brownhills	http://en.wikipedia.org/wiki/Aldridge-Brownhills_%28UK_Parliament_constituency%29
Altrincham and Sale West	North West England	England	Altrincham and Sale West	http://en.wikipedia.org/wiki/Altrincham_and_Sale_West_%28UK_Parliament_constituency%29
Alyn and Deeside	Wales	Wales	Alyn and Deeside	http://en.wikipedia.org/wiki/Alyn_and_Deeside_%28UK_Parliament_constituency%29
Amber Valley	East Midlands	England	Amber Valley	http://en.wikipedia.org/wiki/Amber_Valley_%28UK_Parliament_constituency%29
Angus	Scotland	Scotland	Angus	http://en.wikipedia.org/wiki/Angus_%28UK_Parliament_constituency%29
Arfon	Wales	Wales	Arfon	http://en.wikipedia.org/wiki/Arfon_%28UK_Parliament_constituency%29
Argyll and Bute	Scotland	Scotland	Argyll and Bute	http://en.wikipedia.org/wiki/Argyll_and_Bute_%28UK_Parliament_constituency%29
Arundel and South Downs	South East England	England	Arundel and South Downs	http://en.wikipedia.org/wiki/Arundel_and_South_Downs_%28UK_Parliament_constituency%29
Ashfield	East Midlands	England	Ashfield	http://en.wikipedia.org/wiki/Ashfield_%28UK_Parliament_constituency%29
Ashford	South East England	England	Ashford	http://en.wikipedia.org/wiki/Ashford_%28UK_Parliament_constituency%29
Ashton under Lyne	North West England	England	Ashton-under-Lyne	http://en.wikipedia.org/wiki/Ashton-under-Lyne_%28UK_Parliament_constituency%29
Aylesbury	South East England	England	Aylesbury	http://en.wikipedia.org/wiki/Aylesbury_%28UK_Parliament_constituency%29
Ayr, Carrick and Cumnock	Scotland	Scotland	Ayr Carrick and Cumnock	http://en.wikipedia.org/wiki/Ayr,_Carrick_and_Cumnock_%28UK_Parliament_constituency%29
Banbury	South East England	England	Banbury	http://en.wikipedia.org/wiki/Banbury_%28UK_Parliament_constituency%29
Banff and Buchan	Scotland	Scotland	Banff and Buchan	http://en.wikipedia.org/wiki/Banff_and_Buchan_%28UK_Parliament_constituency%29
Barking	Greater London	England	Barking	http://en.wikipedia.org/wiki/Barking_%28UK_Parliament_constituency%29
Barnsley Central	Yorkshire and the Humber	England	Barnsley Central	http://en.wikipedia.org/wiki/Barnsley_Central_%28UK_Parliament_constituency%29
Barnsley East	Yorkshire and the Humber	England	Barnsley East	http://en.wikipedia.org/wiki/Barnsley_East_%28UK_Parliament_constituency%29
Barrow and Furness	North West England	England	Barrow and Furness	http://en.wikipedia.org/wiki/Barrow_and_Furness_%28UK_Parliament_constituency%29
Basildon and Billericay	East of England	England	Basildon and Billericay	http://en.wikipedia.org/wiki/Basildon_and_Billericay_%28UK_Parliament_constituency%29
Basingstoke	South East England	England	Basingstoke	http://en.wikipedia.org/wiki/Basingstoke_%28UK_Parliament_constituency%29
Bassetlaw	East Midlands	England	Bassetlaw	http://en.wikipedia.org/wiki/Bassetlaw_%28UK_Parliament_constituency%29
Bath	South West England	England	Bath	http://en.wikipedia.org/wiki/Bath_%28UK_Parliament_constituency%29
Batley and Spen	Yorkshire and the Humber	England	Batley and Spen	http://en.wikipedia.org/wiki/Batley_and_Spen_%28UK_Parliament_constituency%29
Battersea	Greater London	England	Battersea	http://en.wikipedia.org/wiki/Battersea_%28UK_Parliament_constituency%29
Beaconsfield	South East England	England	Beaconsfield	http://en.wikipedia.org/wiki/Beaconsfield_%28UK_Parliament_constituency%29
Beckenham	Greater London	England	Beckenham	http://en.wikipedia.org/wiki/Beckenham_%28UK_Parliament_constituency%29
Bedford	East of England	England	Bedford	http://en.wikipedia.org/wiki/Bedford_%28UK_Parliament_constituency%29
Belfast East	Northern Ireland	Northern Ireland	Belfast East	http://en.wikipedia.org/wiki/Belfast_East_%28UK_Parliament_constituency%29
Belfast North	Northern Ireland	Northern Ireland	Belfast North	http://en.wikipedia.org/wiki/Belfast_North_%28UK_Parliament_constituency%29
Belfast South	Northern Ireland	Northern Ireland	Belfast South	http://en.wikipedia.org/wiki/Belfast_South_%28UK_Parliament_constituency%29
Belfast West	Northern Ireland	Northern Ireland	Belfast West	http://en.wikipedia.org/wiki/Belfast_West_%28UK_Parliament_constituency%29
Bermondsey and Old Southwark	Greater London	England	Bermondsey and Old Southwark	http://en.wikipedia.org/wiki/Bermondsey_and_Old_Southwark_%28UK_Parliament_constituency%29
Berwick-upon-Tweed	North East England	England	Berwick Upon Tweed	http://en.wikipedia.org/wiki/Berwick-upon-Tweed_%28UK_Parliament_constituency%29
Berwickshire, Roxburgh and Selkirk	Scotland	Scotland	Berwickshire Roxburgh and Selkirk	http://en.wikipedia.org/wiki/Berwickshire,_Roxburgh_and_Selkirk_%28UK_Parliament_constituency%29
Bethnal Green and Bow	Greater London	England	Bethnal Green and Bow	http://en.wikipedia.org/wiki/Bethnal_Green_and_Bow_%28UK_Parliament_constituency%29
Beverley and Holderness	Yorkshire and the Humber	England	Beverley and Holderness	http://en.wikipedia.org/wiki/Beverley_and_Holderness_%28UK_Parliament_constituency%29
Bexhill and Battle	South East England	England	Bexhill and Battle	http://en.wikipedia.org/wiki/Bexhill_and_Battle_%28UK_Parliament_constituency%29
Bexleyheath and Crayford	Greater London	England	Bexleyheath and Crayford	http://en.wikipedia.org/wiki/Bexleyheath_and_Crayford_%28UK_Parliament_constituency%29
Birkenhead	North West England	England	Birkenhead	http://en.wikipedia.org/wiki/Birkenhead_%28UK_Parliament_constituency%29
Birmingham, Edgbaston	West Midlands	England	Birmingham Edgbaston	http://en.wikipedia.org/wiki/Birmingham_Edgbaston_%28UK_Parliament_constituency%29
Birmingham, Erdington	West Midlands	England	Birmingham Erdington	http://en.wikipedia.org/wiki/Birmingham_Erdington_%28UK_Parliament_constituency%29
Birmingham, Hall Green	West Midlands	England	Birmingham Hall Green	http://en.wikipedia.org/wiki/Birmingham_Hall_Green_%28UK_Parliament_constituency%29
Birmingham, Hodge Hill	West Midlands	England	Birmingham Hodge Hill	http://en.wikipedia.org/wiki/Birmingham_Hodge_Hill_%28UK_Parliament_constituency%29
Birmingham, Ladywood	West Midlands	England	Birmingham Ladywood	http://en.wikipedia.org/wiki/Birmingham_Ladywood_%28UK_Parliament_constituency%29
Birmingham, Northfield	West Midlands	England	Birmingham Northfield	http://en.wikipedia.org/wiki/Birmingham_Northfield_%28UK_Parliament_constituency%29
Birmingham, Perry Barr	West Midlands	England	Birmingham Perry Barr	http://en.wikipedia.org/wiki/Birmingham_Perry_Barr_%28UK_Parliament_constituency%29
Birmingham, Selly Oak	West Midlands	England	Birmingham Selly Oak	http://en.wikipedia.org/wiki/Birmingham_Selly_Oak_%28UK_Parliament_constituency%29
Birmingham, Yardley	West Midlands	England	Birmingham Yardley	http://en.wikipedia.org/wiki/Birmingham_Yardley_%28UK_Parliament_constituency%29
Bishop Auckland	North East England	England	Bishop Auckland	http://en.wikipedia.org/wiki/Bishop_Auckland_%28UK_Parliament_constituency%29
Blackburn	North West England	England	Blackburn	http://en.wikipedia.org/wiki/Blackburn_%28UK_Parliament_constituency%29
Blackley and Broughton	North West England	England	Blackley and Broughton	http://en.wikipedia.org/wiki/Blackley_and_Broughton_%28UK_Parliament_constituency%29
Blackpool North and Cleveleys	North West England	England	Blackpool North and Cleveleys	http://en.wikipedia.org/wiki/Blackpool_North_and_Cleveleys_%28UK_Parliament_constituency%29
Blackpool South	North West England	England	Blackpool South	http://en.wikipedia.org/wiki/Blackpool_South_%28UK_Parliament_constituency%29
Blaenau Gwent	Wales	Wales	Blaenau Gwent	http://en.wikipedia.org/wiki/Blaenau_Gwent_%28UK_Parliament_constituency%29
Blaydon	North East England	England	Blaydon	http://en.wikipedia.org/wiki/Blaydon_%28UK_Parliament_constituency%29
Blyth Valley	North East England	England	Blyth Valley	http://en.wikipedia.org/wiki/Blyth_Valley_%28UK_Parliament_constituency%29
Bognor Regis and Littlehampton	South East England	England	Bognor Regis and Littlehampton	http://en.wikipedia.org/wiki/Bognor_Regis_and_Littlehampton_%28UK_Parliament_constituency%29
Bolsover	East Midlands	England	Bolsover	http://en.wikipedia.org/wiki/Bolsover_%28UK_Parliament_constituency%29
Bolton North East	North West England	England	Bolton North East	http://en.wikipedia.org/wiki/Bolton_North_East_%28UK_Parliament_constituency%29
Bolton South East	North West England	England	Bolton South East	http://en.wikipedia.org/wiki/Bolton_South_East_%28UK_Parliament_constituency%29
Bolton West	North West England	England	Bolton West	http://en.wikipedia.org/wiki/Bolton_West_%28UK_Parliament_constituency%29
Bootle	North West England	England	Bootle	http://en.wikipedia.org/wiki/Bootle_%28UK_Parliament_constituency%29
Boston and Skegness	East Midlands	England	Boston and Skegness	http://en.wikipedia.org/wiki/Boston_and_Skegness_%28UK_Parliament_constituency%29
Bosworth	East Midlands	England	Bosworth	http://en.wikipedia.org/wiki/Bosworth_%28UK_Parliament_constituency%29
Bournemouth East	South West England	England	Bournemouth East	http://en.wikipedia.org/wiki/Bournemouth_East_%28UK_Parliament_constituency%29
Bournemouth West	South West England	England	Bournemouth West	http://en.wikipedia.org/wiki/Bournemouth_West_%28UK_Parliament_constituency%29
Bracknell	South East England	England	Bracknell	http://en.wikipedia.org/wiki/Bracknell_%28UK_Parliament_constituency%29
Bradford East	Yorkshire and the Humber	England	Bradford East	http://en.wikipedia.org/wiki/Bradford_East_%28UK_Parliament_constituency%29
Bradford South	Yorkshire and the Humber	England	Bradford South	http://en.wikipedia.org/wiki/Bradford_South_%28UK_Parliament_constituency%29
Bradford West	Yorkshire and the Humber	England	Bradford West	http://en.wikipedia.org/wiki/Bradford_West_%28UK_Parliament_constituency%29
Braintree	East of England	England	Braintree	http://en.wikipedia.org/wiki/Braintree_%28UK_Parliament_constituency%29
Brecon and Radnorshire	Wales	Wales	Brecon and Radnorshire	http://en.wikipedia.org/wiki/Brecon_and_Radnorshire_%28UK_Parliament_constituency%29
Brent Central	Greater London	England	Brent Central	http://en.wikipedia.org/wiki/Brent_Central_%28UK_Parliament_constituency%29
Brent North	Greater London	England	Brent North	http://en.wikipedia.org/wiki/Brent_North_%28UK_Parliament_constituency%29
Brentford and Isleworth	Greater London	England	Brentford and Isleworth	http://en.wikipedia.org/wiki/Brentford_and_Isleworth_%28UK_Parliament_constituency%29
Brentwood and Ongar	East of England	England	Brentwood and Ongar	http://en.wikipedia.org/wiki/Brentwood_and_Ongar_%28UK_Parliament_constituency%29
Bridgend	Wales	Wales	Bridgend	http://en.wikipedia.org/wiki/Bridgend_%28UK_Parliament_constituency%29
Bridgwater and West Somerset	South West England	England	Bridgwater and West Somerset	http://en.wikipedia.org/wiki/Bridgwater_and_West_Somerset_%28UK_Parliament_constituency%29
Brigg and Goole	Yorkshire and the Humber	England	Brigg and Goole	http://en.wikipedia.org/wiki/Brigg_and_Goole_%28UK_Parliament_constituency%29
Brighton, Kemptown	South East England	England	Brighton Kemptown	http://en.wikipedia.org/wiki/Brighton_Kemptown_%28UK_Parliament_constituency%29
Brighton, Pavilion	South East England	England	Brighton Pavilion	http://en.wikipedia.org/wiki/Brighton_Pavilion_%28UK_Parliament_constituency%29
Bristol East	South West England	England	Bristol East	http://en.wikipedia.org/wiki/Bristol_East_%28UK_Parliament_constituency%29
Bristol North West	South West England	England	Bristol North West	http://en.wikipedia.org/wiki/Bristol_North_West_%28UK_Parliament_constituency%29
Bristol South	South West England	England	Bristol South	http://en.wikipedia.org/wiki/Bristol_South_%28UK_Parliament_constituency%29
Bristol West	South West England	England	Bristol West	http://en.wikipedia.org/wiki/Bristol_West_%28UK_Parliament_constituency%29
Broadland	East of England	England	Broadland	http://en.wikipedia.org/wiki/Broadland_%28UK_Parliament_constituency%29
Bromley and Chislehurst	Greater London	England	Bromley and Chislehurst	http://en.wikipedia.org/wiki/Bromley_and_Chislehurst_%28UK_Parliament_constituency%29
Bromsgrove	West Midlands	England	Bromsgrove	http://en.wikipedia.org/wiki/Bromsgrove_%28UK_Parliament_constituency%29
Broxbourne	East of England	England	Broxbourne	http://en.wikipedia.org/wiki/Broxbourne_%28UK_Parliament_constituency%29
Broxtowe	East Midlands	England	Broxtowe	http://en.wikipedia.org/wiki/Broxtowe_%28UK_Parliament_constituency%29
Buckingham	South East England	England	Buckingham	http://en.wikipedia.org/wiki/Buckingham_%28UK_Parliament_constituency%29
Burnley	North West England	England	Burnley	http://en.wikipedia.org/wiki/Burnley_%28UK_Parliament_constituency%29
Burton	East Midlands	England	Burton	http://en.wikipedia.org/wiki/Burton_%28UK_Parliament_constituency%29
Bury North	North West England	England	Bury North	http://en.wikipedia.org/wiki/Bury_North_%28UK_Parliament_constituency%29
Bury South	North West England	England	Bury South	http://en.wikipedia.org/wiki/Bury_South_%28UK_Parliament_constituency%29
Bury St. Edmunds	East of England	England	Bury St Edmunds	http://en.wikipedia.org/wiki/Bury_St_Edmunds_%28UK_Parliament_constituency%29
Caerphilly	Wales	Wales	Caerphilly	http://en.wikipedia.org/wiki/Caerphilly_%28UK_Parliament_constituency%29
Caithness, Sutherland and Easter Ross	Scotland	Scotland	Caithness Sutherland and Easter Ross	http://en.wikipedia.org/wiki/Caithness,_Sutherland_and_Easter_Ross_%28UK_Parliament_constituency%29
Calder Valley	Yorkshire and the Humber	England	Calder Valley	http://en.wikipedia.org/wiki/Calder_Valley_%28UK_Parliament_constituency%29
Camberwell and Peckham	Greater London	England	Camberwell and Peckham	http://en.wikipedia.org/wiki/Camberwell_and_Peckham_%28UK_Parliament_constituency%29
Camborne and Redruth	South West England	England	Camborne and Redruth	http://en.wikipedia.org/wiki/Camborne_and_Redruth_%28UK_Parliament_constituency%29
Cambridge	East of England	England	Cambridge	http://en.wikipedia.org/wiki/Cambridge_%28UK_Parliament_constituency%29
Cannock Chase	West Midlands	England	Cannock Chase	http://en.wikipedia.org/wiki/Cannock_Chase_%28UK_Parliament_constituency%29
Canterbury	South East England	England	Canterbury	http://en.wikipedia.org/wiki/Canterbury_%28UK_Parliament_constituency%29
Cardiff Central	Wales	Wales	Cardiff Central	http://en.wikipedia.org/wiki/Cardiff_Central_%28UK_Parliament_constituency%29
Cardiff North	Wales	Wales	Cardiff North	http://en.wikipedia.org/wiki/Cardiff_North_%28UK_Parliament_constituency%29
Cardiff South and Penarth	Wales	Wales	Cardiff South and Penarth	http://en.wikipedia.org/wiki/Cardiff_South_and_Penarth_%28UK_Parliament_constituency%29
Cardiff West	Wales	Wales	Cardiff West	http://en.wikipedia.org/wiki/Cardiff_West_%28UK_Parliament_constituency%29
Carlisle	North West England	England	Carlisle	http://en.wikipedia.org/wiki/Carlisle_%28UK_Parliament_constituency%29
Carmarthen East and Dinefwr	Wales	Wales	Carmarthen East and Dinefwr	http://en.wikipedia.org/wiki/Carmarthen_East_and_Dinefwr_%28UK_Parliament_constituency%29
Carmarthen West and South Pembrokeshire	Wales	Wales	Carmarthen West and South Pembrokeshire	http://en.wikipedia.org/wiki/Carmarthen_West_and_South_Pembrokeshire_%28UK_Parliament_constituency%29
Carshalton and Wallington	Greater London	England	Carshalton and Wallington	http://en.wikipedia.org/wiki/Carshalton_and_Wallington_%28UK_Parliament_constituency%29
Castle Point	East of England	England	Castle Point	http://en.wikipedia.org/wiki/Castle_Point_%28UK_Parliament_constituency%29
Central Ayrshire	Scotland	Scotland	Central Ayrshire	http://en.wikipedia.org/wiki/Central_Ayrshire_%28UK_Parliament_constituency%29
Central Devon	South West England	England	Central Devon	http://en.wikipedia.org/wiki/Central_Devon_%28UK_Parliament_constituency%29
Central Suffolk and North Ipswich	East of England	England	Central Suffolk and North Ipswich	http://en.wikipedia.org/wiki/Central_Suffolk_and_North_Ipswich_%28UK_Parliament_constituency%29
Ceredigion	Wales	Wales	Ceredigion	http://en.wikipedia.org/wiki/Ceredigion_%28UK_Parliament_constituency%29
Charnwood	East Midlands	England	Charnwood	http://en.wikipedia.org/wiki/Charnwood_%28UK_Parliament_constituency%29
Chatham and Aylesford	South East England	England	Chatham and Aylesford	http://en.wikipedia.org/wiki/Chatham_and_Aylesford_%28UK_Parliament_constituency%29
Cheadle	North West England	England	Cheadle	http://en.wikipedia.org/wiki/Cheadle_%28UK_Parliament_constituency%29
Chelmsford	East of England	England	Chelmsford	http://en.wikipedia.org/wiki/Chelmsford_%28UK_Parliament_constituency%29
Chelsea and Fulham	Greater London	England	Chelsea and Fulham	http://en.wikipedia.org/wiki/Chelsea_and_Fulham_%28UK_Parliament_constituency%29
Cheltenham	South West England	England	Cheltenham	http://en.wikipedia.org/wiki/Cheltenham_%28UK_Parliament_constituency%29
Chesham and Amersham	South East England	England	Chesham and Amersham	http://en.wikipedia.org/wiki/Chesham_and_Amersham_%28UK_Parliament_constituency%29
Chesterfield	East Midlands	England	Chesterfield	http://en.wikipedia.org/wiki/Chesterfield_%28UK_Parliament_constituency%29
Chichester	South East England	England	Chichester	http://en.wikipedia.org/wiki/Chichester_%28UK_Parliament_constituency%29
Chingford and Woodford Green	Greater London	England	Chingford and Woodford Green	http://en.wikipedia.org/wiki/Chingford_and_Woodford_Green_%28UK_Parliament_constituency%29
Chippenham	South West England	England	Chippenham	http://en.wikipedia.org/wiki/Chippenham_%28UK_Parliament_constituency%29
Chipping Barnet	Greater London	England	Chipping Barnet	http://en.wikipedia.org/wiki/Chipping_Barnet_%28UK_Parliament_constituency%29
Chorley	North West England	England	Chorley	http://en.wikipedia.org/wiki/Chorley_%28UK_Parliament_constituency%29
Christchurch	South West England	England	Christchurch	http://en.wikipedia.org/wiki/Christchurch_%28UK_Parliament_constituency%29
Cities of London and Westminster	Greater London	England	Cities of London and Westminster	http://en.wikipedia.org/wiki/Cities_of_London_and_Westminster_%28UK_Parliament_constituency%29
City of Chester	North West England	England	City of Chester	http://en.wikipedia.org/wiki/City_of_Chester_%28UK_Parliament_constituency%29
City of Durham	North East England	England	Durham, City of	http://en.wikipedia.org/wiki/City_of_Durham_%28UK_Parliament_constituency%29
Clacton	East of England	England	Clacton	http://en.wikipedia.org/wiki/Clacton_%28UK_Parliament_constituency%29
Cleethorpes	Yorkshire and the Humber	England	Cleethorpes	http://en.wikipedia.org/wiki/Cleethorpes_%28UK_Parliament_constituency%29
Clwyd South	Wales	Wales	Clwyd South	http://en.wikipedia.org/wiki/Clwyd_South_%28UK_Parliament_constituency%29
Clwyd West	Wales	Wales	Clwyd West	http://en.wikipedia.org/wiki/Clwyd_West_%28UK_Parliament_constituency%29
Coatbridge, Chryston and Bellshill	Scotland	Scotland	Coatbridge Chryston and Bellshill	http://en.wikipedia.org/wiki/Coatbridge,_Chryston_and_Bellshill_%28UK_Parliament_constituency%29
Colchester	East of England	England	Colchester	http://en.wikipedia.org/wiki/Colchester_%28UK_Parliament_constituency%29
Colne Valley	Yorkshire and the Humber	England	Colne Valley	http://en.wikipedia.org/wiki/Colne_Valley_%28UK_Parliament_constituency%29
Congleton	North West England	England	Congleton	http://en.wikipedia.org/wiki/Congleton_%28UK_Parliament_constituency%29
Copeland	North West England	England	Copeland	http://en.wikipedia.org/wiki/Copeland_%28UK_Parliament_constituency%29
Corby	East Midlands	England	Corby	http://en.wikipedia.org/wiki/Corby_%28UK_Parliament_constituency%29
Coventry North East	West Midlands	England	Coventry North East	http://en.wikipedia.org/wiki/Coventry_North_East_%28UK_Parliament_constituency%29
Coventry North West	West Midlands	England	Coventry North West	http://en.wikipedia.org/wiki/Coventry_North_West_%28UK_Parliament_constituency%29
Coventry South	West Midlands	England	Coventry South	http://en.wikipedia.org/wiki/Coventry_South_%28UK_Parliament_constituency%29
Crawley	South East England	England	Crawley	http://en.wikipedia.org/wiki/Crawley_%28UK_Parliament_constituency%29
Crewe and Nantwich	North West England	England	Crewe and Nantwich	http://en.wikipedia.org/wiki/Crewe_and_Nantwich_%28UK_Parliament_constituency%29
Croydon Central	Greater London	England	Croydon Central	http://en.wikipedia.org/wiki/Croydon_Central_%28UK_Parliament_constituency%29
Croydon North	Greater London	England	Croydon North	http://en.wikipedia.org/wiki/Croydon_North_%28UK_Parliament_constituency%29
Croydon South	Greater London	England	Croydon South	http://en.wikipedia.org/wiki/Croydon_South_%28UK_Parliament_constituency%29
Cumbernauld, Kilsyth and Kirkintilloch East	Scotland	Scotland	Cumbernauld Kilsyth and Kirkintilloch East	http://en.wikipedia.org/wiki/Cumbernauld,_Kilsyth_and_Kirkintilloch_East_%28UK_Parliament_constituency%29
Cynon Valley	Wales	Wales	Cynon Valley	http://en.wikipedia.org/wiki/Cynon_Valley_%28UK_Parliament_constituency%29
Dagenham and Rainham	Greater London	England	Dagenham and Rainham	http://en.wikipedia.org/wiki/Dagenham_and_Rainham_%28UK_Parliament_constituency%29
Darlington	North East England	England	Darlington	http://en.wikipedia.org/wiki/Darlington_%28UK_Parliament_constituency%29
Dartford	South East England	England	Dartford	http://en.wikipedia.org/wiki/Dartford_%28UK_Parliament_constituency%29
Daventry	East Midlands	England	Daventry	http://en.wikipedia.org/wiki/Daventry_%28UK_Parliament_constituency%29
Delyn	Wales	Wales	Delyn	http://en.wikipedia.org/wiki/Delyn_%28UK_Parliament_constituency%29
Denton and Reddish	North West England	England	Denton and Reddish	http://en.wikipedia.org/wiki/Denton_and_Reddish_%28UK_Parliament_constituency%29
Derby North	East Midlands	England	Derby North	http://en.wikipedia.org/wiki/Derby_North_%28UK_Parliament_constituency%29
Derby South	East Midlands	England	Derby South	http://en.wikipedia.org/wiki/Derby_South_%28UK_Parliament_constituency%29
Derbyshire Dales	East Midlands	England	Derbyshire Dales	http://en.wikipedia.org/wiki/Derbyshire_Dales_%28UK_Parliament_constituency%29
Devizes	South West England	England	Devizes	http://en.wikipedia.org/wiki/Devizes_%28UK_Parliament_constituency%29
Dewsbury	Yorkshire and the Humber	England	Dewsbury	http://en.wikipedia.org/wiki/Dewsbury_%28UK_Parliament_constituency%29
Don Valley	Yorkshire and the Humber	England	Don Valley	http://en.wikipedia.org/wiki/Don_Valley_%28UK_Parliament_constituency%29
Doncaster Central	Yorkshire and the Humber	England	Doncaster Central	http://en.wikipedia.org/wiki/Doncaster_Central_%28UK_Parliament_constituency%29
Doncaster North	Yorkshire and the Humber	England	Doncaster North	http://en.wikipedia.org/wiki/Doncaster_North_%28UK_Parliament_constituency%29
Dover	South East England	England	Dover	http://en.wikipedia.org/wiki/Dover_%28UK_Parliament_constituency%29
Dudley North	West Midlands	England	Dudley North	http://en.wikipedia.org/wiki/Dudley_North_%28UK_Parliament_constituency%29
Dudley South	West Midlands	England	Dudley South	http://en.wikipedia.org/wiki/Dudley_South_%28UK_Parliament_constituency%29
Dulwich and West Norwood	Greater London	England	Dulwich and West Norwood	http://en.wikipedia.org/wiki/Dulwich_and_West_Norwood_%28UK_Parliament_constituency%29
Dumfries and Galloway	Scotland	Scotland	Dumfries and Galloway	http://en.wikipedia.org/wiki/Dumfries_and_Galloway_%28UK_Parliament_constituency%29
Dumfriesshire, Clydesdale and Tweeddale	Scotland	Scotland	Dumfriesshire Clydesdale and Tweeddale	http://en.wikipedia.org/wiki/Dumfriesshire,_Clydesdale_and_Tweeddale_%28UK_Parliament_constituency%29
Dundee East	Scotland	Scotland	Dundee East	http://en.wikipedia.org/wiki/Dundee_East_%28UK_Parliament_constituency%29
Dundee West	Scotland	Scotland	Dundee West	http://en.wikipedia.org/wiki/Dundee_West_%28UK_Parliament_constituency%29
Dunfermline and West Fife	Scotland	Scotland	Dunfermline and West Fife	http://en.wikipedia.org/wiki/Dunfermline_and_West_Fife_%28UK_Parliament_constituency%29
Dwyfor Meirionnydd	Wales	Wales	Dwyfor Meirionnydd	http://en.wikipedia.org/wiki/Dwyfor_Meirionnydd_%28UK_Parliament_constituency%29
Ealing Central and Acton	Greater London	England	Ealing Central and Acton	http://en.wikipedia.org/wiki/Ealing_Central_and_Acton_%28UK_Parliament_constituency%29
Ealing North	Greater London	England	Ealing North	http://en.wikipedia.org/wiki/Ealing_North_%28UK_Parliament_constituency%29
Ealing, Southall	Greater London	England	Ealing Southall	http://en.wikipedia.org/wiki/Ealing_Southall_%28UK_Parliament_constituency%29
Easington	North East England	England	Easington	http://en.wikipedia.org/wiki/Easington_%28UK_Parliament_constituency%29
East Antrim	Northern Ireland	Northern Ireland	East Antrim	http://en.wikipedia.org/wiki/East_Antrim_%28UK_Parliament_constituency%29
East Devon	South West England	England	East Devon	http://en.wikipedia.org/wiki/East_Devon_%28UK_Parliament_constituency%29
East Dunbartonshire	Scotland	Scotland	East Dunbartonshire	http://en.wikipedia.org/wiki/East_Dunbartonshire_%28UK_Parliament_constituency%29
East Ham	Greater London	England	East Ham	http://en.wikipedia.org/wiki/East_Ham_%28UK_Parliament_constituency%29
East Hampshire	South East England	England	East Hampshire	http://en.wikipedia.org/wiki/East_Hampshire_%28UK_Parliament_constituency%29
East Kilbride, Strathaven and Lesmahagow	Scotland	Scotland	East Kilbride Strathaven and Lesmahagow	http://en.wikipedia.org/wiki/East_Kilbride,_Strathaven_and_Lesmahagow_%28UK_Parliament_constituency%29
East Londonderry	Northern Ireland	Northern Ireland	East Londonderry	http://en.wikipedia.org/wiki/East_Londonderry_%28UK_Parliament_constituency%29
East Lothian	Scotland	Scotland	East Lothian	http://en.wikipedia.org/wiki/East_Lothian_%28UK_Parliament_constituency%29
East Renfrewshire	Scotland	Scotland	East Renfrewshire	http://en.wikipedia.org/wiki/East_Renfrewshire_%28UK_Parliament_constituency%29
East Surrey	South East England	England	East Surrey	http://en.wikipedia.org/wiki/East_Surrey_%28UK_Parliament_constituency%29
East Worthing and Shoreham	South East England	England	East Worthing and Shoreham	http://en.wikipedia.org/wiki/East_Worthing_and_Shoreham_%28UK_Parliament_constituency%29
East Yorkshire	Yorkshire and the Humber	England	East Yorkshire	http://en.wikipedia.org/wiki/East_Yorkshire_%28UK_Parliament_constituency%29
Eastbourne	South East England	England	Eastbourne	http://en.wikipedia.org/wiki/Eastbourne_%28UK_Parliament_constituency%29
Eastleigh	South East England	England	Eastleigh	http://en.wikipedia.org/wiki/Eastleigh_%28UK_Parliament_constituency%29
Eddisbury	North West England	England	Eddisbury	http://en.wikipedia.org/wiki/Eddisbury_%28UK_Parliament_constituency%29
Edinburgh East	Scotland	Scotland	Edinburgh East	http://en.wikipedia.org/wiki/Edinburgh_East_%28UK_Parliament_constituency%29
Edinburgh North and Leith	Scotland	Scotland	Edinburgh North and Leith	http://en.wikipedia.org/wiki/Edinburgh_North_and_Leith_%28UK_Parliament_constituency%29
Edinburgh South	Scotland	Scotland	Edinburgh South	http://en.wikipedia.org/wiki/Edinburgh_South_%28UK_Parliament_constituency%29
Edinburgh South West	Scotland	Scotland	Edinburgh South West	http://en.wikipedia.org/wiki/Edinburgh_South_West_%28UK_Parliament_constituency%29
Edinburgh West	Scotland	Scotland	Edinburgh West	http://en.wikipedia.org/wiki/Edinburgh_West_%28UK_Parliament_constituency%29
Edmonton	Greater London	England	Edmonton	http://en.wikipedia.org/wiki/Edmonton_%28UK_Parliament_constituency%29
Ellesmere Port and Neston	North West England	England	Ellesmere Port and Neston	http://en.wikipedia.org/wiki/Ellesmere_Port_and_Neston_%28UK_Parliament_constituency%29
Elmet and Rothwell	Yorkshire and the Humber	England	Elmet and Rothwell	http://en.wikipedia.org/wiki/Elmet_and_Rothwell_%28UK_Parliament_constituency%29
Eltham	Greater London	England	Eltham	http://en.wikipedia.org/wiki/Eltham_%28UK_Parliament_constituency%29
Enfield North	Greater London	England	Enfield North	http://en.wikipedia.org/wiki/Enfield_North_%28UK_Parliament_constituency%29
Enfield, Southgate	Greater London	England	Enfield Southgate	http://en.wikipedia.org/wiki/Enfield_Southgate_%28UK_Parliament_constituency%29
Epping Forest	East of England	England	Epping Forest	http://en.wikipedia.org/wiki/Epping_Forest_%28UK_Parliament_constituency%29
Epsom and Ewell	South East England	England	Epsom and Ewell	http://en.wikipedia.org/wiki/Epsom_and_Ewell_%28UK_Parliament_constituency%29
Erewash	East Midlands	England	Erewash	http://en.wikipedia.org/wiki/Erewash_%28UK_Parliament_constituency%29
Erith and Thamesmead	Greater London	England	Erith and Thamesmead	http://en.wikipedia.org/wiki/Erith_and_Thamesmead_%28UK_Parliament_constituency%29
Esher and Walton	South East England	England	Esher and Walton	http://en.wikipedia.org/wiki/Esher_and_Walton_%28UK_Parliament_constituency%29
Exeter	South West England	England	Exeter	http://en.wikipedia.org/wiki/Exeter_%28UK_Parliament_constituency%29
Falkirk	Scotland	Scotland	Falkirk	http://en.wikipedia.org/wiki/Falkirk_%28UK_Parliament_constituency%29
Fareham	South East England	England	Fareham	http://en.wikipedia.org/wiki/Fareham_%28UK_Parliament_constituency%29
Faversham and Mid Kent	South East England	England	Faversham and Mid Kent	http://en.wikipedia.org/wiki/Faversham_and_Mid_Kent_%28UK_Parliament_constituency%29
Feltham and Heston	Greater London	England	Feltham and Heston	http://en.wikipedia.org/wiki/Feltham_and_Heston_%28UK_Parliament_constituency%29
Fermanagh & South Tyrone	Northern Ireland	Northern Ireland	Fermanagh and South Tyrone	http://en.wikipedia.org/wiki/Fermanagh_and_South_Tyrone_%28UK_Parliament_constituency%29
Filton and Bradley Stoke	South West England	England	Filton and Bradley Stoke	http://en.wikipedia.org/wiki/Filton_and_Bradley_Stoke_%28UK_Parliament_constituency%29
Finchley and Golders Green	Greater London	England	Finchley and Golders Green	http://en.wikipedia.org/wiki/Finchley_and_Golders_Green_%28UK_Parliament_constituency%29
Folkestone and Hythe	South East England	England	Folkestone and Hythe	http://en.wikipedia.org/wiki/Folkestone_and_Hythe_%28UK_Parliament_constituency%29
Forest of Dean	South West England	England	Forest of Dean	http://en.wikipedia.org/wiki/Forest_of_Dean_%28UK_Parliament_constituency%29
Foyle	Northern Ireland	Northern Ireland	Foyle	http://en.wikipedia.org/wiki/Foyle_%28UK_Parliament_constituency%29
Fylde	North West England	England	Fylde	http://en.wikipedia.org/wiki/Fylde_%28UK_Parliament_constituency%29
Gainsborough	East Midlands	England	Gainsborough	http://en.wikipedia.org/wiki/Gainsborough_%28UK_Parliament_constituency%29
Garston and Halewood	North West England	England	Garston and Halewood	http://en.wikipedia.org/wiki/Garston_and_Halewood_%28UK_Parliament_constituency%29
Gateshead	North East England	England	Gateshead	http://en.wikipedia.org/wiki/Gateshead_%28UK_Parliament_constituency%29
Gedling	East Midlands	England	Gedling	http://en.wikipedia.org/wiki/Gedling_%28UK_Parliament_constituency%29
Gillingham and Rainham	South East England	England	Gillingham and Rainham	http://en.wikipedia.org/wiki/Gillingham_and_Rainham_%28UK_Parliament_constituency%29
Glasgow Central	Scotland	Scotland	Glasgow Central	http://en.wikipedia.org/wiki/Glasgow_Central_%28UK_Parliament_constituency%29
Glasgow East	Scotland	Scotland	Glasgow East	http://en.wikipedia.org/wiki/Glasgow_East_%28UK_Parliament_constituency%29
Glasgow North	Scotland	Scotland	Glasgow North	http://en.wikipedia.org/wiki/Glasgow_North_%28UK_Parliament_constituency%29
Glasgow North East	Scotland	Scotland	Glasgow North East	http://en.wikipedia.org/wiki/Glasgow_North_East_%28UK_Parliament_constituency%29
Glasgow North West	Scotland	Scotland	Glasgow North West	http://en.wikipedia.org/wiki/Glasgow_North_West_%28UK_Parliament_constituency%29
Glasgow South	Scotland	Scotland	Glasgow South	http://en.wikipedia.org/wiki/Glasgow_South_%28UK_Parliament_constituency%29
Glasgow South West	Scotland	Scotland	Glasgow South West	http://en.wikipedia.org/wiki/Glasgow_South_West_%28UK_Parliament_constituency%29
Glenrothes	Scotland	Scotland	Glenrothes	http://en.wikipedia.org/wiki/Glenrothes_%28UK_Parliament_constituency%29
Gloucester	South West England	England	Gloucester	http://en.wikipedia.org/wiki/Gloucester_%28UK_Parliament_constituency%29
Gordon	Scotland	Scotland	Gordon	http://en.wikipedia.org/wiki/Gordon_%28UK_Parliament_constituency%29
Gosport	South East England	England	Gosport	http://en.wikipedia.org/wiki/Gosport_%28UK_Parliament_constituency%29
Gower	Wales	Wales	Gower	http://en.wikipedia.org/wiki/Gower_%28UK_Parliament_constituency%29
Grantham and Stamford	East Midlands	England	Grantham and Stamford	http://en.wikipedia.org/wiki/Grantham_and_Stamford_%28UK_Parliament_constituency%29
Gravesham	South East England	England	Gravesham	http://en.wikipedia.org/wiki/Gravesham_%28UK_Parliament_constituency%29
Great Grimsby	Yorkshire and the Humber	England	Great Grimsby	http://en.wikipedia.org/wiki/Great_Grimsby_%28UK_Parliament_constituency%29
Great Yarmouth	East of England	England	Great Yarmouth	http://en.wikipedia.org/wiki/Great_Yarmouth_%28UK_Parliament_constituency%29
Greenwich and Woolwich	Greater London	England	Greenwich and Woolwich	http://en.wikipedia.org/wiki/Greenwich_and_Woolwich_%28UK_Parliament_constituency%29
Guildford	South East England	England	Guildford	http://en.wikipedia.org/wiki/Guildford_%28UK_Parliament_constituency%29
Hackney North and Stoke Newington	Greater London	England	Hackney North and Stoke Newington	http://en.wikipedia.org/wiki/Hackney_North_and_Stoke_Newington_%28UK_Parliament_constituency%29
Hackney South and Shoreditch	Greater London	England	Hackney South and Shoreditch	http://en.wikipedia.org/wiki/Hackney_South_and_Shoreditch_%28UK_Parliament_constituency%29
Halesowen and Rowley Regis	West Midlands	England	Halesowen and Rowley Regis	http://en.wikipedia.org/wiki/Halesowen_and_Rowley_Regis_%28UK_Parliament_constituency%29
Halifax	Yorkshire and the Humber	England	Halifax	http://en.wikipedia.org/wiki/Halifax_%28UK_Parliament_constituency%29
Haltemprice and Howden	Yorkshire and the Humber	England	Haltemprice and Howden	http://en.wikipedia.org/wiki/Haltemprice_and_Howden_%28UK_Parliament_constituency%29
Halton	North West England	England	Halton	http://en.wikipedia.org/wiki/Halton_%28UK_Parliament_constituency%29
Hammersmith	Greater London	England	Hammersmith	http://en.wikipedia.org/wiki/Hammersmith_%28UK_Parliament_constituency%29
Hampstead and Kilburn	Greater London	England	Hampstead and Kilburn	http://en.wikipedia.org/wiki/Hampstead_and_Kilburn_%28UK_Parliament_constituency%29
Harborough	East Midlands	England	Harborough	http://en.wikipedia.org/wiki/Harborough_%28UK_Parliament_constituency%29
Harlow	East of England	England	Harlow	http://en.wikipedia.org/wiki/Harlow_%28UK_Parliament_constituency%29
Harrogate and Knaresborough	Yorkshire and the Humber	England	Harrogate and Knaresborough	http://en.wikipedia.org/wiki/Harrogate_and_Knaresborough_%28UK_Parliament_constituency%29
Harrow East	Greater London	England	Harrow East	http://en.wikipedia.org/wiki/Harrow_East_%28UK_Parliament_constituency%29
Harrow West	Greater London	England	Harrow West	http://en.wikipedia.org/wiki/Harrow_West_%28UK_Parliament_constituency%29
Hartlepool	North East England	England	Hartlepool	http://en.wikipedia.org/wiki/Hartlepool_%28UK_Parliament_constituency%29
Harwich and North Essex	East of England	England	Harwich and North Essex	http://en.wikipedia.org/wiki/Harwich_and_North_Essex_%28UK_Parliament_constituency%29
Hastings and Rye	South East England	England	Hastings and Rye	http://en.wikipedia.org/wiki/Hastings_and_Rye_%28UK_Parliament_constituency%29
Havant	South East England	England	Havant	http://en.wikipedia.org/wiki/Havant_%28UK_Parliament_constituency%29
Hayes and Harlington	Greater London	England	Hayes and Harlington	http://en.wikipedia.org/wiki/Hayes_and_Harlington_%28UK_Parliament_constituency%29
Hazel Grove	North West England	England	Hazel Grove	http://en.wikipedia.org/wiki/Hazel_Grove_%28UK_Parliament_constituency%29
Hemel Hempstead	East of England	England	Hemel Hempstead	http://en.wikipedia.org/wiki/Hemel_Hempstead_%28UK_Parliament_constituency%29
Hemsworth	Yorkshire and the Humber	England	Hemsworth	http://en.wikipedia.org/wiki/Hemsworth_%28UK_Parliament_constituency%29
Hendon	Greater London	England	Hendon	http://en.wikipedia.org/wiki/Hendon_%28UK_Parliament_constituency%29
Henley	South East England	England	Henley	http://en.wikipedia.org/wiki/Henley_%28UK_Parliament_constituency%29
Hereford and South Herefordshire	West Midlands	England	Hereford and South Herefordshire	http://en.wikipedia.org/wiki/Hereford_and_South_Herefordshire_%28UK_Parliament_constituency%29
Hertford and Stortford	East of England	England	Hertford and Stortford	http://en.wikipedia.org/wiki/Hertford_and_Stortford_%28UK_Parliament_constituency%29
Hertsmere	East of England	England	Hertsmere	http://en.wikipedia.org/wiki/Hertsmere_%28UK_Parliament_constituency%29
Hexham	North East England	England	Hexham	http://en.wikipedia.org/wiki/Hexham_%28UK_Parliament_constituency%29
Heywood and Middleton	North West England	England	Heywood and Middleton	http://en.wikipedia.org/wiki/Heywood_and_Middleton_%28UK_Parliament_constituency%29
High Peak	East Midlands	England	High Peak	http://en.wikipedia.org/wiki/High_Peak_%28UK_Parliament_constituency%29
Hitchin and Harpenden	East of England	England	Hitchin and Harpenden	http://en.wikipedia.org/wiki/Hitchin_and_Harpenden_%28UK_Parliament_constituency%29
Holborn and St. Pancras	Greater London	England	Holborn and St Pancras	http://en.wikipedia.org/wiki/Holborn_and_St_Pancras_%28UK_Parliament_constituency%29
Hornchurch and Upminster	Greater London	England	Hornchurch and Upminster	http://en.wikipedia.org/wiki/Hornchurch_and_Upminster_%28UK_Parliament_constituency%29
Hornsey and Wood Green	Greater London	England	Hornsey and Wood Green	http://en.wikipedia.org/wiki/Hornsey_and_Wood_Green_%28UK_Parliament_constituency%29
Horsham	South East England	England	Horsham	http://en.wikipedia.org/wiki/Horsham_%28UK_Parliament_constituency%29
Houghton and Sunderland South	North East England	England	Houghton and Sunderland South	http://en.wikipedia.org/wiki/Houghton_and_Sunderland_South_%28UK_Parliament_constituency%29
Hove	South East England	England	Hove	http://en.wikipedia.org/wiki/Hove_%28UK_Parliament_constituency%29
Huddersfield	Yorkshire and the Humber	England	Huddersfield	http://en.wikipedia.org/wiki/Huddersfield_%28UK_Parliament_constituency%29
Huntingdon	East of England	England	Huntingdon	http://en.wikipedia.org/wiki/Huntingdon_%28UK_Parliament_constituency%29
Hyndburn	North West England	England	Hyndburn	http://en.wikipedia.org/wiki/Hyndburn_%28UK_Parliament_constituency%29
Ilford North	Greater London	England	Ilford North	http://en.wikipedia.org/wiki/Ilford_North_%28UK_Parliament_constituency%29
Ilford South	Greater London	England	Ilford South	http://en.wikipedia.org/wiki/Ilford_South_%28UK_Parliament_constituency%29
Inverclyde	Scotland	Scotland	Inverclyde	http://en.wikipedia.org/wiki/Inverclyde_%28UK_Parliament_constituency%29
Inverness, Nairn, Badenoch and Strathspey	Scotland	Scotland	Inverness Nairn Badenoch and Strathspey	http://en.wikipedia.org/wiki/Inverness,_Nairn,_Badenoch_and_Strathspey_%28UK_Parliament_constituency%29
Ipswich	East of England	England	Ipswich	http://en.wikipedia.org/wiki/Ipswich_%28UK_Parliament_constituency%29
Isle of Wight	South East England	England	Isle of Wight	http://en.wikipedia.org/wiki/Isle_of_Wight_%28UK_Parliament_constituency%29
Islington North	Greater London	England	Islington North	http://en.wikipedia.org/wiki/Islington_North_%28UK_Parliament_constituency%29
Islington South and Finsbury	Greater London	England	Islington South and Finsbury	http://en.wikipedia.org/wiki/Islington_South_and_Finsbury_%28UK_Parliament_constituency%29
Islwyn	Wales	Wales	Islwyn	http://en.wikipedia.org/wiki/Islwyn_%28UK_Parliament_constituency%29
Jarrow	North East England	England	Jarrow	http://en.wikipedia.org/wiki/Jarrow_%28UK_Parliament_constituency%29
Keighley	Yorkshire and the Humber	England	Keighley	http://en.wikipedia.org/wiki/Keighley_%28UK_Parliament_constituency%29
Kenilworth and Southam	West Midlands	England	Kenilworth and Southam	http://en.wikipedia.org/wiki/Kenilworth_and_Southam_%28UK_Parliament_constituency%29
Kensington	Greater London	England	Kensington	http://en.wikipedia.org/wiki/Kensington_%28UK_Parliament_constituency%29
Kettering	East Midlands	England	Kettering	http://en.wikipedia.org/wiki/Kettering_%28UK_Parliament_constituency%29
Kilmarnock and Loudoun	Scotland	Scotland	Kilmarnock and Loudoun	http://en.wikipedia.org/wiki/Kilmarnock_and_Loudoun_%28UK_Parliament_constituency%29
Kingston and Surbiton	Greater London	England	Kingston and Surbiton	http://en.wikipedia.org/wiki/Kingston_and_Surbiton_%28UK_Parliament_constituency%29
Kingston upon Hull East	Yorkshire and the Humber	England	Kingston upon Hull East	http://en.wikipedia.org/wiki/Kingston_upon_Hull_East_%28UK_Parliament_constituency%29
Kingston upon Hull North	Yorkshire and the Humber	England	Kingston upon Hull North	http://en.wikipedia.org/wiki/Kingston_upon_Hull_North_%28UK_Parliament_constituency%29
Kingston upon Hull West and Hessle	Yorkshire and the Humber	England	Kingston upon Hull West and Hessle	http://en.wikipedia.org/wiki/Kingston_upon_Hull_West_and_Hessle_%28UK_Parliament_constituency%29
Kingswood	South West England	England	Kingswood	http://en.wikipedia.org/wiki/Kingswood_%28UK_Parliament_constituency%29
Kirkcaldy and Cowdenbeath	Scotland	Scotland	Kirkcaldy and Cowdenbeath	http://en.wikipedia.org/wiki/Kirkcaldy_and_Cowdenbeath_%28UK_Parliament_constituency%29
Knowsley	North West England	England	Knowsley	http://en.wikipedia.org/wiki/Knowsley_%28UK_Parliament_constituency%29
Lagan Valley	Northern Ireland	Northern Ireland	Lagan Valley	http://en.wikipedia.org/wiki/Lagan_Valley_%28UK_Parliament_constituency%29
Lanark and Hamilton East	Scotland	Scotland	Lanark and Hamilton East	http://en.wikipedia.org/wiki/Lanark_and_Hamilton_East_%28UK_Parliament_constituency%29
Lancaster and Fleetwood	North West England	England	Lancaster and Fleetwood	http://en.wikipedia.org/wiki/Lancaster_and_Fleetwood_%28UK_Parliament_constituency%29
Leeds Central	Yorkshire and the Humber	England	Leeds Central	http://en.wikipedia.org/wiki/Leeds_Central_%28UK_Parliament_constituency%29
Leeds East	Yorkshire and the Humber	England	Leeds East	http://en.wikipedia.org/wiki/Leeds_East_%28UK_Parliament_constituency%29
Leeds North East	Yorkshire and the Humber	England	Leeds North East	http://en.wikipedia.org/wiki/Leeds_North_East_%28UK_Parliament_constituency%29
Leeds North West	Yorkshire and the Humber	England	Leeds North West	http://en.wikipedia.org/wiki/Leeds_North_West_%28UK_Parliament_constituency%29
Leeds West	Yorkshire and the Humber	England	Leeds West	http://en.wikipedia.org/wiki/Leeds_West_%28UK_Parliament_constituency%29
Leicester East	East Midlands	England	Leicester East	http://en.wikipedia.org/wiki/Leicester_East_%28UK_Parliament_constituency%29
Leicester South	East Midlands	England	Leicester South	http://en.wikipedia.org/wiki/Leicester_South_%28UK_Parliament_constituency%29
Leicester West	East Midlands	England	Leicester West	http://en.wikipedia.org/wiki/Leicester_West_%28UK_Parliament_constituency%29
Leigh	North West England	England	Leigh	http://en.wikipedia.org/wiki/Leigh_%28UK_Parliament_constituency%29
Lewes	South East England	England	Lewes	http://en.wikipedia.org/wiki/Lewes_%28UK_Parliament_constituency%29
Lewisham, Deptford	Greater London	England	Lewisham Deptford	http://en.wikipedia.org/wiki/Lewisham_Deptford_%28UK_Parliament_constituency%29
Lewisham East	Greater London	England	Lewisham East	http://en.wikipedia.org/wiki/Lewisham_East_%28UK_Parliament_constituency%29
Lewisham West and Penge	Greater London	England	Lewisham West and Penge	http://en.wikipedia.org/wiki/Lewisham_West_and_Penge_%28UK_Parliament_constituency%29
Leyton and Wanstead	Greater London	England	Leyton and Wanstead	http://en.wikipedia.org/wiki/Leyton_and_Wanstead_%28UK_Parliament_constituency%29
Lichfield	West Midlands	England	Lichfield	http://en.wikipedia.org/wiki/Lichfield_%28UK_Parliament_constituency%29
Lincoln	East Midlands	England	Lincoln	http://en.wikipedia.org/wiki/Lincoln_%28UK_Parliament_constituency%29
Linlithgow and East Falkirk	Scotland	Scotland	Linlithgow and East Falkirk	http://en.wikipedia.org/wiki/Linlithgow_and_East_Falkirk_%28UK_Parliament_constituency%29
Liverpool, Riverside	North West England	England	Liverpool Riverside	http://en.wikipedia.org/wiki/Liverpool_Riverside_%28UK_Parliament_constituency%29
Liverpool, Walton	North West England	England	Liverpool Walton	http://en.wikipedia.org/wiki/Liverpool_Walton_%28UK_Parliament_constituency%29
Liverpool, Wavertree	North West England	England	Liverpool Wavertree	http://en.wikipedia.org/wiki/Liverpool_Wavertree_%28UK_Parliament_constituency%29
Liverpool, West Derby	North West England	England	Liverpool West Derby	http://en.wikipedia.org/wiki/Liverpool_West_Derby_%28UK_Parliament_constituency%29
Livingston	Scotland	Scotland	Livingston	http://en.wikipedia.org/wiki/Livingston_%28UK_Parliament_constituency%29
Llanelli	Wales	Wales	Llanelli	http://en.wikipedia.org/wiki/Llanelli_%28UK_Parliament_constituency%29
Loughborough	East Midlands	England	Loughborough	http://en.wikipedia.org/wiki/Loughborough_%28UK_Parliament_constituency%29
Louth and Horncastle	East Midlands	England	Louth and Horncastle	http://en.wikipedia.org/wiki/Louth_and_Horncastle_%28UK_Parliament_constituency%29
Ludlow	West Midlands	England	Ludlow	http://en.wikipedia.org/wiki/Ludlow_%28UK_Parliament_constituency%29
Luton North	East of England	England	Luton North	http://en.wikipedia.org/wiki/Luton_North_%28UK_Parliament_constituency%29
Luton South	East of England	England	Luton South	http://en.wikipedia.org/wiki/Luton_South_%28UK_Parliament_constituency%29
Macclesfield	North West England	England	Macclesfield	http://en.wikipedia.org/wiki/Macclesfield_%28UK_Parliament_constituency%29
Maidenhead	South East England	England	Maidenhead	http://en.wikipedia.org/wiki/Maidenhead_%28UK_Parliament_constituency%29
Maidstone and The Weald	South East England	England	Maidstone and The Weald	http://en.wikipedia.org/wiki/Maidstone_and_The_Weald_%28UK_Parliament_constituency%29
Makerfield	North West England	England	Makerfield	http://en.wikipedia.org/wiki/Makerfield_%28UK_Parliament_constituency%29
Maldon	East of England	England	Maldon	http://en.wikipedia.org/wiki/Maldon_%28UK_Parliament_constituency%29
Manchester Central	North West England	England	Manchester Central	http://en.wikipedia.org/wiki/Manchester_Central_%28UK_Parliament_constituency%29
Manchester, Gorton	North West England	England	Manchester Gorton	http://en.wikipedia.org/wiki/Manchester_Gorton_%28UK_Parliament_constituency%29
Manchester, Withington	North West England	England	Manchester Withington	http://en.wikipedia.org/wiki/Manchester_Withington_%28UK_Parliament_constituency%29
Mansfield	East Midlands	England	Mansfield	http://en.wikipedia.org/wiki/Mansfield_%28UK_Parliament_constituency%29
Meon Valley	South East England	England	Meon Valley	http://en.wikipedia.org/wiki/Meon_Valley_%28UK_Parliament_constituency%29
Meriden	West Midlands	England	Meriden	http://en.wikipedia.org/wiki/Meriden_%28UK_Parliament_constituency%29
Merthyr Tydfil and Rhymney	Wales	Wales	Merthyr Tydfil and Rhymney	http://en.wikipedia.org/wiki/Merthyr_Tydfil_and_Rhymney_%28UK_Parliament_constituency%29
Mid Bedfordshire	East of England	England	Mid Bedfordshire	http://en.wikipedia.org/wiki/Mid_Bedfordshire_%28UK_Parliament_constituency%29
Mid Derbyshire	East Midlands	England	Mid Derbyshire	http://en.wikipedia.org/wiki/Mid_Derbyshire_%28UK_Parliament_constituency%29
Mid Dorset and North Poole	South West England	England	Mid Dorset and North Poole	http://en.wikipedia.org/wiki/Mid_Dorset_and_North_Poole_%28UK_Parliament_constituency%29
Mid Norfolk	East of England	England	Mid Norfolk	http://en.wikipedia.org/wiki/Mid_Norfolk_%28UK_Parliament_constituency%29
Mid Sussex	South East England	England	Mid Sussex	http://en.wikipedia.org/wiki/Mid_Sussex_%28UK_Parliament_constituency%29
Mid Ulster	Northern Ireland	Northern Ireland	Mid Ulster	http://en.wikipedia.org/wiki/Mid_Ulster_%28UK_Parliament_constituency%29
Mid Worcestershire	West Midlands	England	Mid Worcestershire	http://en.wikipedia.org/wiki/Mid_Worcestershire_%28UK_Parliament_constituency%29
Middlesbrough	North East England	England	Middlesbrough	http://en.wikipedia.org/wiki/Middlesbrough_%28UK_Parliament_constituency%29
Middlesbrough South and East Cleveland	North East England	England	Middlesbrough South and East Cleveland	http://en.wikipedia.org/wiki/Middlesbrough_South_and_East_Cleveland_%28UK_Parliament_constituency%29
Midlothian	Scotland	Scotland	Midlothian	http://en.wikipedia.org/wiki/Midlothian_%28UK_Parliament_constituency%29
Milton Keynes North	South East England	England	Milton Keynes North	http://en.wikipedia.org/wiki/Milton_Keynes_North_%28UK_Parliament_constituency%29
Milton Keynes South	South East England	England	Milton Keynes South	http://en.wikipedia.org/wiki/Milton_Keynes_South_%28UK_Parliament_constituency%29
Mitcham and Morden	Greater London	England	Mitcham and Morden	http://en.wikipedia.org/wiki/Mitcham_and_Morden_%28UK_Parliament_constituency%29
Mole Valley	South East England	England	Mole Valley	http://en.wikipedia.org/wiki/Mole_Valley_%28UK_Parliament_constituency%29
Monmouth	Wales	Wales	Monmouth	http://en.wikipedia.org/wiki/Monmouth_%28UK_Parliament_constituency%29
Montgomeryshire	Wales	Wales	Montgomeryshire	http://en.wikipedia.org/wiki/Montgomeryshire_%28UK_Parliament_constituency%29
Moray	Scotland	Scotland	Moray	http://en.wikipedia.org/wiki/Moray_%28UK_Parliament_constituency%29
Morecambe and Lunesdale	North West England	England	Morecambe and Lunesdale	http://en.wikipedia.org/wiki/Morecambe_and_Lunesdale_%28UK_Parliament_constituency%29
Morley and Outwood	Yorkshire and the Humber	England	Morley and Outwood	http://en.wikipedia.org/wiki/Morley_and_Outwood_%28UK_Parliament_constituency%29
Motherwell and Wishaw	Scotland	Scotland	Motherwell and Wishaw	http://en.wikipedia.org/wiki/Motherwell_and_Wishaw_%28UK_Parliament_constituency%29
Na h-Eileanan an Iar	Scotland	Scotland	Na h-Eileanan an Iar	http://en.wikipedia.org/wiki/Na_h-Eileanan_an_Iar_%28UK_Parliament_constituency%29
Neath	Wales	Wales	Neath	http://en.wikipedia.org/wiki/Neath_%28UK_Parliament_constituency%29
New Forest East	South East England	England	New Forest East	http://en.wikipedia.org/wiki/New_Forest_East_%28UK_Parliament_constituency%29
New Forest West	South East England	England	New Forest West	http://en.wikipedia.org/wiki/New_Forest_West_%28UK_Parliament_constituency%29
Newark	East Midlands	England	Newark	http://en.wikipedia.org/wiki/Newark_%28UK_Parliament_constituency%29
Newbury	South East England	England	Newbury	http://en.wikipedia.org/wiki/Newbury_%28UK_Parliament_constituency%29
Newcastle upon Tyne Central	North East England	England	Newcastle upon Tyne Central	http://en.wikipedia.org/wiki/Newcastle_upon_Tyne_Central_%28UK_Parliament_constituency%29
Newcastle upon Tyne East	North East England	England	Newcastle upon Tyne East	http://en.wikipedia.org/wiki/Newcastle_upon_Tyne_East_%28UK_Parliament_constituency%29
Newcastle upon Tyne North	North East England	England	Newcastle upon Tyne North	http://en.wikipedia.org/wiki/Newcastle_upon_Tyne_North_%28UK_Parliament_constituency%29
Newcastle-under-Lyme	West Midlands	England	Newcastle-under-Lyme	http://en.wikipedia.org/wiki/Newcastle-under-Lyme_%28UK_Parliament_constituency%29
Newport East	Wales	Wales	Newport East	http://en.wikipedia.org/wiki/Newport_East_%28UK_Parliament_constituency%29
Newport West	Wales	Wales	Newport West	http://en.wikipedia.org/wiki/Newport_West_%28UK_Parliament_constituency%29
Newry & Armagh	Northern Ireland	Northern Ireland	Newry and Armagh	http://en.wikipedia.org/wiki/Newry_and_Armagh_%28UK_Parliament_constituency%29
Newton Abbot	South West England	England	Newton Abbot	http://en.wikipedia.org/wiki/Newton_Abbot_%28UK_Parliament_constituency%29
Normanton, Pontefract and Castleford	Yorkshire and the Humber	England	Normanton Pontefract and Castleford	http://en.wikipedia.org/wiki/Normanton,_Pontefract_and_Castleford_%28UK_Parliament_constituency%29
North Antrim	Northern Ireland	Northern Ireland	North Antrim	http://en.wikipedia.org/wiki/North_Antrim_%28UK_Parliament_constituency%29
North Ayrshire and Arran	Scotland	Scotland	North Ayrshire and Arran	http://en.wikipedia.org/wiki/North_Ayrshire_and_Arran_%28UK_Parliament_constituency%29
North Cornwall	South West England	England	North Cornwall	http://en.wikipedia.org/wiki/North_Cornwall_%28UK_Parliament_constituency%29
North Devon	South West England	England	North Devon	http://en.wikipedia.org/wiki/North_Devon_%28UK_Parliament_constituency%29
North Dorset	South West England	England	North Dorset	http://en.wikipedia.org/wiki/North_Dorset_%28UK_Parliament_constituency%29
North Down	Northern Ireland	Northern Ireland	North Down	http://en.wikipedia.org/wiki/North_Down_%28UK_Parliament_constituency%29
North Durham	North East England	England	North Durham	http://en.wikipedia.org/wiki/North_Durham_%28UK_Parliament_constituency%29
North East Bedfordshire	East of England	England	North East Bedfordshire	http://en.wikipedia.org/wiki/North_East_Bedfordshire_%28UK_Parliament_constituency%29
North East Cambridgeshire	East of England	England	North East Cambridgeshire	http://en.wikipedia.org/wiki/North_East_Cambridgeshire_%28UK_Parliament_constituency%29
North East Derbyshire	East Midlands	England	North East Derbyshire	http://en.wikipedia.org/wiki/North_East_Derbyshire_%28UK_Parliament_constituency%29
North East Fife	Scotland	Scotland	North East Fife	http://en.wikipedia.org/wiki/North_East_Fife_%28UK_Parliament_constituency%29
North East Hampshire	South East England	England	North East Hampshire	http://en.wikipedia.org/wiki/North_East_Hampshire_%28UK_Parliament_constituency%29
North East Hertfordshire	East of England	England	North East Hertfordshire	http://en.wikipedia.org/wiki/North_East_Hertfordshire_%28UK_Parliament_constituency%29
North East Somerset	South West England	England	North East Somerset	http://en.wikipedia.org/wiki/North_East_Somerset_%28UK_Parliament_constituency%29
North Herefordshire	West Midlands	England	North Herefordshire	http://en.wikipedia.org/wiki/North_Herefordshire_%28UK_Parliament_constituency%29
North Norfolk	East of England	England	North Norfolk	http://en.wikipedia.org/wiki/North_Norfolk_%28UK_Parliament_constituency%29
North Shropshire	West Midlands	England	North Shropshire	http://en.wikipedia.org/wiki/North_Shropshire_%28UK_Parliament_constituency%29
North Somerset	South West England	England	North Somerset	http://en.wikipedia.org/wiki/North_Somerset_%28UK_Parliament_constituency%29
North Swindon	South West England	England	North Swindon	http://en.wikipedia.org/wiki/North_Swindon_%28UK_Parliament_constituency%29
North Thanet	South East England	England	North Thanet	http://en.wikipedia.org/wiki/North_Thanet_%28UK_Parliament_constituency%29
North Tyneside	North East England	England	North Tyneside	http://en.wikipedia.org/wiki/North_Tyneside_%28UK_Parliament_constituency%29
North Warwickshire	West Midlands	England	North Warwickshire	http://en.wikipedia.org/wiki/North_Warwickshire_%28UK_Parliament_constituency%29
North West Cambridgeshire	East of England	England	North West Cambridgeshire	http://en.wikipedia.org/wiki/North_West_Cambridgeshire_%28UK_Parliament_constituency%29
North West Durham	North East England	England	North West Durham	http://en.wikipedia.org/wiki/North_West_Durham_%28UK_Parliament_constituency%29
North West Hampshire	South East England	England	North West Hampshire	http://en.wikipedia.org/wiki/North_West_Hampshire_%28UK_Parliament_constituency%29
North West Leicestershire	East Midlands	England	North West Leicestershire	http://en.wikipedia.org/wiki/North_West_Leicestershire_%28UK_Parliament_constituency%29
North West Norfolk	East of England	England	North West Norfolk	http://en.wikipedia.org/wiki/North_West_Norfolk_%28UK_Parliament_constituency%29
North Wiltshire	South West England	England	North Wiltshire	http://en.wikipedia.org/wiki/North_Wiltshire_%28UK_Parliament_constituency%29
Northampton North	East Midlands	England	Northampton North	http://en.wikipedia.org/wiki/Northampton_North_%28UK_Parliament_constituency%29
Northampton South	East Midlands	England	Northampton South	http://en.wikipedia.org/wiki/Northampton_South_%28UK_Parliament_constituency%29
Norwich North	East of England	England	Norwich North	http://en.wikipedia.org/wiki/Norwich_North_%28UK_Parliament_constituency%29
Norwich South	East of England	England	Norwich South	http://en.wikipedia.org/wiki/Norwich_South_%28UK_Parliament_constituency%29
Nottingham East	East Midlands	England	Nottingham East	http://en.wikipedia.org/wiki/Nottingham_East_%28UK_Parliament_constituency%29
Nottingham North	East Midlands	England	Nottingham North	http://en.wikipedia.org/wiki/Nottingham_North_%28UK_Parliament_constituency%29
Nottingham South	East Midlands	England	Nottingham South	http://en.wikipedia.org/wiki/Nottingham_South_%28UK_Parliament_constituency%29
Nuneaton	West Midlands	England	Nuneaton	http://en.wikipedia.org/wiki/Nuneaton_%28UK_Parliament_constituency%29
Ochil and South Perthshire	Scotland	Scotland	Ochil and South Perthshire	http://en.wikipedia.org/wiki/Ochil_and_South_Perthshire_%28UK_Parliament_constituency%29
Ogmore	Wales	Wales	Ogmore	http://en.wikipedia.org/wiki/Ogmore_%28UK_Parliament_constituency%29
Old Bexley and Sidcup	Greater London	England	Old Bexley and Sidcup	http://en.wikipedia.org/wiki/Old_Bexley_and_Sidcup_%28UK_Parliament_constituency%29
Oldham East and Saddleworth	North West England	England	Oldham East and Saddleworth	http://en.wikipedia.org/wiki/Oldham_East_and_Saddleworth_%28UK_Parliament_constituency%29
Oldham West and Royton	North West England	England	Oldham West and Royton	http://en.wikipedia.org/wiki/Oldham_West_and_Royton_%28UK_Parliament_constituency%29
Orkney and Shetland	Scotland	Scotland	Orkney and Shetland	http://en.wikipedia.org/wiki/Orkney_and_Shetland_%28UK_Parliament_constituency%29
Orpington	Greater London	England	Orpington	http://en.wikipedia.org/wiki/Orpington_%28UK_Parliament_constituency%29
Oxford East	South East England	England	Oxford East	http://en.wikipedia.org/wiki/Oxford_East_%28UK_Parliament_constituency%29
Oxford West and Abingdon	South East England	England	Oxford West and Abingdon	http://en.wikipedia.org/wiki/Oxford_West_and_Abingdon_%28UK_Parliament_constituency%29
Paisley and Renfrewshire North	Scotland	Scotland	Paisley and Renfrewshire North	http://en.wikipedia.org/wiki/Paisley_and_Renfrewshire_North_%28UK_Parliament_constituency%29
Paisley and Renfrewshire South	Scotland	Scotland	Paisley and Renfrewshire South	http://en.wikipedia.org/wiki/Paisley_and_Renfrewshire_South_%28UK_Parliament_constituency%29
Pendle	North West England	England	Pendle	http://en.wikipedia.org/wiki/Pendle_%28UK_Parliament_constituency%29
Penistone and Stocksbridge	Yorkshire and the Humber	England	Penistone and Stocksbridge	http://en.wikipedia.org/wiki/Penistone_and_Stocksbridge_%28UK_Parliament_constituency%29
Penrith and The Border	North West England	England	Penrith and The Border	http://en.wikipedia.org/wiki/Penrith_and_The_Border_%28UK_Parliament_constituency%29
Perth and North Perthshire	Scotland	Scotland	Perth and North Perthshire	http://en.wikipedia.org/wiki/Perth_and_North_Perthshire_%28UK_Parliament_constituency%29
Peterborough	East of England	England	Peterborough	http://en.wikipedia.org/wiki/Peterborough_%28UK_Parliament_constituency%29
Plymouth Moor View	South West England	England	Plymouth Moor View	http://en.wikipedia.org/wiki/Plymouth_Moor_View_%28UK_Parliament_constituency%29
Plymouth Sutton and Devonport	South West England	England	Plymouth Sutton and Devonport	http://en.wikipedia.org/wiki/Plymouth_Sutton_and_Devonport_%28UK_Parliament_constituency%29
Pontypridd	Wales	Wales	Pontypridd	http://en.wikipedia.org/wiki/Pontypridd_%28UK_Parliament_constituency%29
Poole	South West England	England	Poole	http://en.wikipedia.org/wiki/Poole_%28UK_Parliament_constituency%29
Poplar and Limehouse	Greater London	England	Poplar and Limehouse	http://en.wikipedia.org/wiki/Poplar_and_Limehouse_%28UK_Parliament_constituency%29
Portsmouth North	South East England	England	Portsmouth North	http://en.wikipedia.org/wiki/Portsmouth_North_%28UK_Parliament_constituency%29
Portsmouth South	South East England	England	Portsmouth South	http://en.wikipedia.org/wiki/Portsmouth_South_%28UK_Parliament_constituency%29
Preseli Pembrokeshire	Wales	Wales	Preseli Pembrokeshire	http://en.wikipedia.org/wiki/Preseli_Pembrokeshire_%28UK_Parliament_constituency%29
Preston	North West England	England	Preston	http://en.wikipedia.org/wiki/Preston_%28UK_Parliament_constituency%29
Pudsey	Yorkshire and the Humber	England	Pudsey	http://en.wikipedia.org/wiki/Pudsey_%28UK_Parliament_constituency%29
Putney	Greater London	England	Putney	http://en.wikipedia.org/wiki/Putney_%28UK_Parliament_constituency%29
Rayleigh and Wickford	East of England	England	Rayleigh and Wickford	http://en.wikipedia.org/wiki/Rayleigh_and_Wickford_%28UK_Parliament_constituency%29
Reading East	South East England	England	Reading East	http://en.wikipedia.org/wiki/Reading_East_%28UK_Parliament_constituency%29
Reading West	South East England	England	Reading West	http://en.wikipedia.org/wiki/Reading_West_%28UK_Parliament_constituency%29
Redcar	North East England	England	Redcar	http://en.wikipedia.org/wiki/Redcar_%28UK_Parliament_constituency%29
Redditch	West Midlands	England	Redditch	http://en.wikipedia.org/wiki/Redditch_%28UK_Parliament_constituency%29
Reigate	South East England	England	Reigate	http://en.wikipedia.org/wiki/Reigate_%28UK_Parliament_constituency%29
Rhondda	Wales	Wales	Rhondda	http://en.wikipedia.org/wiki/Rhondda_%28UK_Parliament_constituency%29
Ribble Valley	North West England	England	Ribble Valley	http://en.wikipedia.org/wiki/Ribble_Valley_%28UK_Parliament_constituency%29
Richmond (Yorks)	Yorkshire and the Humber	England	Richmond (Yorks)	http://en.wikipedia.org/wiki/Richmond_%28Yorks%29_%28UK_Parliament_constituency%29
Richmond Park	Greater London	England	Richmond Park	http://en.wikipedia.org/wiki/Richmond_Park_%28UK_Parliament_constituency%29
Rochdale	North West England	England	Rochdale	http://en.wikipedia.org/wiki/Rochdale_%28UK_Parliament_constituency%29
Rochester and Strood	South East England	England	Rochester and Strood	http://en.wikipedia.org/wiki/Rochester_and_Strood_%28UK_Parliament_constituency%29
Rochford and Southend East	East of England	England	Rochford and Southend East	http://en.wikipedia.org/wiki/Rochford_and_Southend_East_%28UK_Parliament_constituency%29
Romford	Greater London	England	Romford	http://en.wikipedia.org/wiki/Romford_%28UK_Parliament_constituency%29
Romsey and Southampton North	South East England	England	Romsey and Southampton North	http://en.wikipedia.org/wiki/Romsey_and_Southampton_North_%28UK_Parliament_constituency%29
Ross, Skye and Lochaber	Scotland	Scotland	Ross Skye and Lochaber	http://en.wikipedia.org/wiki/Ross,_Skye_and_Lochaber_%28UK_Parliament_constituency%29
Rossendale and Darwen	North West England	England	Rossendale and Darwen	http://en.wikipedia.org/wiki/Rossendale_and_Darwen_%28UK_Parliament_constituency%29
Rother Valley	Yorkshire and the Humber	England	Rother Valley	http://en.wikipedia.org/wiki/Rother_Valley_%28UK_Parliament_constituency%29
Rotherham	Yorkshire and the Humber	England	Rotherham	http://en.wikipedia.org/wiki/Rotherham_%28UK_Parliament_constituency%29
Rugby	West Midlands	England	Rugby	http://en.wikipedia.org/wiki/Rugby_%28UK_Parliament_constituency%29
Ruislip, Northwood and Pinner	Greater London	England	Ruislip Northwood and Pinner	http://en.wikipedia.org/wiki/Ruislip,_Northwood_and_Pinner_%28UK_Parliament_constituency%29
Runnymede and Weybridge	South East England	England	Runnymede and Weybridge	http://en.wikipedia.org/wiki/Runnymede_and_Weybridge_%28UK_Parliament_constituency%29
Rushcliffe	East Midlands	England	Rushcliffe	http://en.wikipedia.org/wiki/Rushcliffe_%28UK_Parliament_constituency%29
Rutherglen and Hamilton West	Scotland	Scotland	Rutherglen and Hamilton West	http://en.wikipedia.org/wiki/Rutherglen_and_Hamilton_West_%28UK_Parliament_constituency%29
Rutland and Melton	East Midlands	England	Rutland and Melton	http://en.wikipedia.org/wiki/Rutland_and_Melton_%28UK_Parliament_constituency%29
Saffron Walden	East of England	England	Saffron Walden	http://en.wikipedia.org/wiki/Saffron_Walden_%28UK_Parliament_constituency%29
Salford and Eccles	North West England	England	Salford and Eccles	http://en.wikipedia.org/wiki/Salford_and_Eccles_%28UK_Parliament_constituency%29
Salisbury	South West England	England	Salisbury	http://en.wikipedia.org/wiki/Salisbury_%28UK_Parliament_constituency%29
Scarborough and Whitby	Yorkshire and the Humber	England	Scarborough and Whitby	http://en.wikipedia.org/wiki/Scarborough_and_Whitby_%28UK_Parliament_constituency%29
Scunthorpe	Yorkshire and the Humber	England	Scunthorpe	http://en.wikipedia.org/wiki/Scunthorpe_%28UK_Parliament_constituency%29
Sedgefield	North East England	England	Sedgefield	http://en.wikipedia.org/wiki/Sedgefield_%28UK_Parliament_constituency%29
Sefton Central	North West England	England	Sefton Central	http://en.wikipedia.org/wiki/Sefton_Central_%28UK_Parliament_constituency%29
Selby and Ainsty	Yorkshire and the Humber	England	Selby and Ainsty	http://en.wikipedia.org/wiki/Selby_and_Ainsty_%28UK_Parliament_constituency%29
Sevenoaks	South East England	England	Sevenoaks	http://en.wikipedia.org/wiki/Sevenoaks_%28UK_Parliament_constituency%29
Sheffield Brightside and Hillsborough	Yorkshire and the Humber	England	Sheffield Brightside and Hillsborough	http://en.wikipedia.org/wiki/Sheffield_Brightside_and_Hillsborough_%28UK_Parliament_constituency%29
Sheffield Central	Yorkshire and the Humber	England	Sheffield Central	http://en.wikipedia.org/wiki/Sheffield_Central_%28UK_Parliament_constituency%29
Sheffield, Hallam	Yorkshire and the Humber	England	Sheffield Hallam	http://en.wikipedia.org/wiki/Sheffield_Hallam_%28UK_Parliament_constituency%29
Sheffield, Heeley	Yorkshire and the Humber	England	Sheffield Heeley	http://en.wikipedia.org/wiki/Sheffield_Heeley_%28UK_Parliament_constituency%29
Sheffield South East	Yorkshire and the Humber	England	Sheffield South East	http://en.wikipedia.org/wiki/Sheffield_South_East_%28UK_Parliament_constituency%29
Sherwood	East Midlands	England	Sherwood	http://en.wikipedia.org/wiki/Sherwood_%28UK_Parliament_constituency%29
Shipley	Yorkshire and the Humber	England	Shipley	http://en.wikipedia.org/wiki/Shipley_%28UK_Parliament_constituency%29
Shrewsbury and Atcham	West Midlands	England	Shrewsbury and Atcham	http://en.wikipedia.org/wiki/Shrewsbury_and_Atcham_%28UK_Parliament_constituency%29
Sittingbourne and Sheppey	South East England	England	Sittingbourne and Sheppey	http://en.wikipedia.org/wiki/Sittingbourne_and_Sheppey_%28UK_Parliament_constituency%29
Skipton and Ripon	Yorkshire and the Humber	England	Skipton and Ripon	http://en.wikipedia.org/wiki/Skipton_and_Ripon_%28UK_Parliament_constituency%29
Sleaford and North Hykeham	East Midlands	England	Sleaford and North Hykeham	http://en.wikipedia.org/wiki/Sleaford_and_North_Hykeham_%28UK_Parliament_constituency%29
Slough	South East England	England	Slough	http://en.wikipedia.org/wiki/Slough_%28UK_Parliament_constituency%29
Solihull	West Midlands	England	Solihull	http://en.wikipedia.org/wiki/Solihull_%28UK_Parliament_constituency%29
Somerton and Frome	South West England	England	Somerton and Frome	http://en.wikipedia.org/wiki/Somerton_and_Frome_%28UK_Parliament_constituency%29
South Antrim	Northern Ireland	Northern Ireland	South Antrim	http://en.wikipedia.org/wiki/South_Antrim_%28UK_Parliament_constituency%29
South Basildon and East Thurrock	East of England	England	South Basildon and East Thurrock	http://en.wikipedia.org/wiki/South_Basildon_and_East_Thurrock_%28UK_Parliament_constituency%29
South Cambridgeshire	East of England	England	South Cambridgeshire	http://en.wikipedia.org/wiki/South_Cambridgeshire_%28UK_Parliament_constituency%29
South Derbyshire	East Midlands	England	South Derbyshire	http://en.wikipedia.org/wiki/South_Derbyshire_%28UK_Parliament_constituency%29
South Dorset	South West England	England	South Dorset	http://en.wikipedia.org/wiki/South_Dorset_%28UK_Parliament_constituency%29
South Down	Northern Ireland	Northern Ireland	South Down	http://en.wikipedia.org/wiki/South_Down_%28UK_Parliament_constituency%29
South East Cambridgeshire	East of England	England	South East Cambridgeshire	http://en.wikipedia.org/wiki/South_East_Cambridgeshire_%28UK_Parliament_constituency%29
South East Cornwall	South West England	England	South East Cornwall	http://en.wikipedia.org/wiki/South_East_Cornwall_%28UK_Parliament_constituency%29
South Holland and The Deepings	East Midlands	England	South Holland and The Deepings	http://en.wikipedia.org/wiki/South_Holland_and_The_Deepings_%28UK_Parliament_constituency%29
South Leicestershire	East Midlands	England	South Leicestershire	http://en.wikipedia.org/wiki/South_Leicestershire_%28UK_Parliament_constituency%29
South Norfolk	East of England	England	South Norfolk	http://en.wikipedia.org/wiki/South_Norfolk_%28UK_Parliament_constituency%29
South Northamptonshire	East Midlands	England	South Northamptonshire	http://en.wikipedia.org/wiki/South_Northamptonshire_%28UK_Parliament_constituency%29
South Ribble	North West England	England	South Ribble	http://en.wikipedia.org/wiki/South_Ribble_%28UK_Parliament_constituency%29
South Shields	North East England	England	South Shields	http://en.wikipedia.org/wiki/South_Shields_%28UK_Parliament_constituency%29
South Staffordshire	West Midlands	England	South Staffordshire	http://en.wikipedia.org/wiki/South_Staffordshire_%28UK_Parliament_constituency%29
South Suffolk	East of England	England	South Suffolk	http://en.wikipedia.org/wiki/South_Suffolk_%28UK_Parliament_constituency%29
South Swindon	South West England	England	South Swindon	http://en.wikipedia.org/wiki/South_Swindon_%28UK_Parliament_constituency%29
South Thanet	South East England	England	South Thanet	http://en.wikipedia.org/wiki/South_Thanet_%28UK_Parliament_constituency%29
South West Bedfordshire	East of England	England	South West Bedfordshire	http://en.wikipedia.org/wiki/South_West_Bedfordshire_%28UK_Parliament_constituency%29
South West Devon	South West England	England	South West Devon	http://en.wikipedia.org/wiki/South_West_Devon_%28UK_Parliament_constituency%29
South West Hertfordshire	East of England	England	South West Hertfordshire	http://en.wikipedia.org/wiki/South_West_Hertfordshire_%28UK_Parliament_constituency%29
South West Norfolk	East of England	England	South West Norfolk	http://en.wikipedia.org/wiki/South_West_Norfolk_%28UK_Parliament_constituency%29
South West Surrey	South East England	England	South West Surrey	http://en.wikipedia.org/wiki/South_West_Surrey_%28UK_Parliament_constituency%29
South West Wiltshire	South West England	England	South West Wiltshire	http://en.wikipedia.org/wiki/South_West_Wiltshire_%28UK_Parliament_constituency%29
Southampton, Itchen	South East England	England	Southampton Itchen	http://en.wikipedia.org/wiki/Southampton_Itchen_%28UK_Parliament_constituency%29
Southampton, Test	South East England	England	Southampton Test	http://en.wikipedia.org/wiki/Southampton_Test_%28UK_Parliament_constituency%29
Southend West	East of England	England	Southend West	http://en.wikipedia.org/wiki/Southend_West_%28UK_Parliament_constituency%29
Southport	North West England	England	Southport	http://en.wikipedia.org/wiki/Southport_%28UK_Parliament_constituency%29
Spelthorne	South East England	England	Spelthorne	http://en.wikipedia.org/wiki/Spelthorne_%28UK_Parliament_constituency%29
St. Albans	East of England	England	St Albans	http://en.wikipedia.org/wiki/St_Albans_%28UK_Parliament_constituency%29
St. Austell and Newquay	South West England	England	St Austell and Newquay	http://en.wikipedia.org/wiki/St_Austell_and_Newquay_%28UK_Parliament_constituency%29
St. Helens North	North West England	England	St Helens North	http://en.wikipedia.org/wiki/St_Helens_North_%28UK_Parliament_constituency%29
St. Helens South and Whiston	North West England	England	St Helens South and Whiston	http://en.wikipedia.org/wiki/St_Helens_South_and_Whiston_%28UK_Parliament_constituency%29
St. Ives	South West England	England	St Ives	http://en.wikipedia.org/wiki/St_Ives_%28UK_Parliament_constituency%29
Stafford	West Midlands	England	Stafford	http://en.wikipedia.org/wiki/Stafford_%28UK_Parliament_constituency%29
Staffordshire Moorlands	West Midlands	England	Staffordshire Moorlands	http://en.wikipedia.org/wiki/Staffordshire_Moorlands_%28UK_Parliament_constituency%29
Stalybridge and Hyde	North West England	England	Stalybridge and Hyde	http://en.wikipedia.org/wiki/Stalybridge_and_Hyde_%28UK_Parliament_constituency%29
Stevenage	East of England	England	Stevenage	http://en.wikipedia.org/wiki/Stevenage_%28UK_Parliament_constituency%29
Stirling	Scotland	Scotland	Stirling	http://en.wikipedia.org/wiki/Stirling_%28UK_Parliament_constituency%29
Stockport	North West England	England	Stockport	http://en.wikipedia.org/wiki/Stockport_%28UK_Parliament_constituency%29
Stockton North	North East England	England	Stockton North	http://en.wikipedia.org/wiki/Stockton_North_%28UK_Parliament_constituency%29
Stockton South	North East England	England	Stockton South	http://en.wikipedia.org/wiki/Stockton_South_%28UK_Parliament_constituency%29
Stoke-on-Trent Central	West Midlands	England	Stoke on Trent Central	http://en.wikipedia.org/wiki/Stoke-on-Trent_Central_%28UK_Parliament_constituency%29
Stoke-on-Trent North	West Midlands	England	Stoke on Trent North	http://en.wikipedia.org/wiki/Stoke-on-Trent_North_%28UK_Parliament_constituency%29
Stoke-on-Trent South	West Midlands	England	Stoke on Trent South	http://en.wikipedia.org/wiki/Stoke-on-Trent_South_%28UK_Parliament_constituency%29
Stone	West Midlands	England	Stone	http://en.wikipedia.org/wiki/Stone_%28UK_Parliament_constituency%29
Stourbridge	West Midlands	England	Stourbridge	http://en.wikipedia.org/wiki/Stourbridge_%28UK_Parliament_constituency%29
Strangford	Northern Ireland	Northern Ireland	Strangford	http://en.wikipedia.org/wiki/Strangford_%28UK_Parliament_constituency%29
Stratford-on-Avon	West Midlands	England	Stratford on Avon	http://en.wikipedia.org/wiki/Stratford-on-Avon_%28UK_Parliament_constituency%29
Streatham	Greater London	England	Streatham	http://en.wikipedia.org/wiki/Streatham_%28UK_Parliament_constituency%29
Stretford and Urmston	North West England	England	Stretford and Urmston	http://en.wikipedia.org/wiki/Stretford_and_Urmston_%28UK_Parliament_constituency%29
Stroud	South West England	England	Stroud	http://en.wikipedia.org/wiki/Stroud_%28UK_Parliament_constituency%29
Suffolk Coastal	East of England	England	Suffolk Coastal	http://en.wikipedia.org/wiki/Suffolk_Coastal_%28UK_Parliament_constituency%29
Sunderland Central	North East England	England	Sunderland Central	http://en.wikipedia.org/wiki/Sunderland_Central_%28UK_Parliament_constituency%29
Surrey Heath	South East England	England	Surrey Heath	http://en.wikipedia.org/wiki/Surrey_Heath_%28UK_Parliament_constituency%29
Sutton and Cheam	Greater London	England	Sutton and Cheam	http://en.wikipedia.org/wiki/Sutton_and_Cheam_%28UK_Parliament_constituency%29
Sutton Coldfield	West Midlands	England	Sutton Coldfield	http://en.wikipedia.org/wiki/Sutton_Coldfield_%28UK_Parliament_constituency%29
Swansea East	Wales	Wales	Swansea East	http://en.wikipedia.org/wiki/Swansea_East_%28UK_Parliament_constituency%29
Swansea West	Wales	Wales	Swansea West	http://en.wikipedia.org/wiki/Swansea_West_%28UK_Parliament_constituency%29
Tamworth	West Midlands	England	Tamworth	http://en.wikipedia.org/wiki/Tamworth_%28UK_Parliament_constituency%29
Tatton	North West England	England	Tatton	http://en.wikipedia.org/wiki/Tatton_%28UK_Parliament_constituency%29
Taunton Deane	South West England	England	Taunton Deane	http://en.wikipedia.org/wiki/Taunton_Deane_%28UK_Parliament_constituency%29
Telford	West Midlands	England	Telford	http://en.wikipedia.org/wiki/Telford_%28UK_Parliament_constituency%29
Tewkesbury	South West England	England	Tewkesbury	http://en.wikipedia.org/wiki/Tewkesbury_%28UK_Parliament_constituency%29
The Cotswolds	South West England	England	The Cotswolds	http://en.wikipedia.org/wiki/Cotswold_%28UK_Parliament_constituency%29
The Wrekin	West Midlands	England	The Wrekin	http://en.wikipedia.org/wiki/The_Wrekin_%28UK_Parliament_constituency%29
Thirsk and Malton	Yorkshire and the Humber	England	Thirsk and Malton	http://en.wikipedia.org/wiki/Thirsk_and_Malton_%28UK_Parliament_constituency%29
Thornbury and Yate	South West England	England	Thornbury and Yate	http://en.wikipedia.org/wiki/Thornbury_and_Yate_%28UK_Parliament_constituency%29
Thurrock	East of England	England	Thurrock	http://en.wikipedia.org/wiki/Thurrock_%28UK_Parliament_constituency%29
Tiverton and Honiton	South West England	England	Tiverton and Honiton	http://en.wikipedia.org/wiki/Tiverton_and_Honiton_%28UK_Parliament_constituency%29
Tonbridge and Malling	South East England	England	Tonbridge and Malling	http://en.wikipedia.org/wiki/Tonbridge_and_Malling_%28UK_Parliament_constituency%29
Tooting	Greater London	England	Tooting	http://en.wikipedia.org/wiki/Tooting_%28UK_Parliament_constituency%29
Torbay	South West England	England	Torbay	http://en.wikipedia.org/wiki/Torbay_%28UK_Parliament_constituency%29
Torfaen	Wales	Wales	Torfaen	http://en.wikipedia.org/wiki/Torfaen_%28UK_Parliament_constituency%29
Torridge and West Devon	South West England	England	Torridge and West Devon	http://en.wikipedia.org/wiki/Torridge_and_West_Devon_%28UK_Parliament_constituency%29
Totnes	South West England	England	Totnes	http://en.wikipedia.org/wiki/Totnes_%28UK_Parliament_constituency%29
Tottenham	Greater London	England	Tottenham	http://en.wikipedia.org/wiki/Tottenham_%28UK_Parliament_constituency%29
Truro and Falmouth	South West England	England	Truro and Falmouth	http://en.wikipedia.org/wiki/Truro_and_Falmouth_%28UK_Parliament_constituency%29
Tunbridge Wells	South East England	England	Tunbridge Wells	http://en.wikipedia.org/wiki/Tunbridge_Wells_%28UK_Parliament_constituency%29
Twickenham	Greater London	England	Twickenham	http://en.wikipedia.org/wiki/Twickenham_%28UK_Parliament_constituency%29
Tynemouth	North East England	England	Tynemouth	http://en.wikipedia.org/wiki/Tynemouth_%28UK_Parliament_constituency%29
Upper Bann	Northern Ireland	Northern Ireland	Upper Bann	http://en.wikipedia.org/wiki/Upper_Bann_%28UK_Parliament_constituency%29
Uxbridge and South Ruislip	Greater London	England	Uxbridge and South Ruislip	http://en.wikipedia.org/wiki/Uxbridge_and_South_Ruislip_%28UK_Parliament_constituency%29
Vale of Clwyd	Wales	Wales	Vale of Clwyd	http://en.wikipedia.org/wiki/Vale_of_Clwyd_%28UK_Parliament_constituency%29
Vale of Glamorgan	Wales	Wales	Vale of Glamorgan	http://en.wikipedia.org/wiki/Vale_of_Glamorgan_%28UK_Parliament_constituency%29
Vauxhall	Greater London	England	Vauxhall	http://en.wikipedia.org/wiki/Vauxhall_%28UK_Parliament_constituency%29
Wakefield	Yorkshire and the Humber	England	Wakefield	http://en.wikipedia.org/wiki/Wakefield_%28UK_Parliament_constituency%29
Wallasey	North West England	England	Wallasey	http://en.wikipedia.org/wiki/Wallasey_%28UK_Parliament_constituency%29
Walsall North	West Midlands	England	Walsall North	http://en.wikipedia.org/wiki/Walsall_North_%28UK_Parliament_constituency%29
Walsall South	West Midlands	England	Walsall South	http://en.wikipedia.org/wiki/Walsall_South_%28UK_Parliament_constituency%29
Walthamstow	Greater London	England	Walthamstow	http://en.wikipedia.org/wiki/Walthamstow_%28UK_Parliament_constituency%29
Wansbeck	North East England	England	Wansbeck	http://en.wikipedia.org/wiki/Wansbeck_%28UK_Parliament_constituency%29
Wantage	South East England	England	Wantage	http://en.wikipedia.org/wiki/Wantage_%28UK_Parliament_constituency%29
Warley	West Midlands	England	Warley	http://en.wikipedia.org/wiki/Warley_%28UK_Parliament_constituency%29
Warrington North	North West England	England	Warrington North	http://en.wikipedia.org/wiki/Warrington_North_%28UK_Parliament_constituency%29
Warrington South	North West England	England	Warrington South	http://en.wikipedia.org/wiki/Warrington_South_%28UK_Parliament_constituency%29
Warwick and Leamington	West Midlands	England	Warwick and Leamington	http://en.wikipedia.org/wiki/Warwick_and_Leamington_%28UK_Parliament_constituency%29
Washington and Sunderland West	North East England	England	Washington and Sunderland West	http://en.wikipedia.org/wiki/Washington_and_Sunderland_West_%28UK_Parliament_constituency%29
Watford	East of England	England	Watford	http://en.wikipedia.org/wiki/Watford_%28UK_Parliament_constituency%29
Waveney	East of England	England	Waveney	http://en.wikipedia.org/wiki/Waveney_%28UK_Parliament_constituency%29
Wealden	South East England	England	Wealden	http://en.wikipedia.org/wiki/Wealden_%28UK_Parliament_constituency%29
Weaver Vale	North West England	England	Weaver Vale	http://en.wikipedia.org/wiki/Weaver_Vale_%28UK_Parliament_constituency%29
Wellingborough	East Midlands	England	Wellingborough	http://en.wikipedia.org/wiki/Wellingborough_%28UK_Parliament_constituency%29
Wells	South West England	England	Wells	http://en.wikipedia.org/wiki/Wells_%28UK_Parliament_constituency%29
Welwyn Hatfield	East of England	England	Welwyn Hatfield	http://en.wikipedia.org/wiki/Welwyn_Hatfield_%28UK_Parliament_constituency%29
Wentworth and Dearne	Yorkshire and the Humber	England	Wentworth and Dearne	http://en.wikipedia.org/wiki/Wentworth_and_Dearne_%28UK_Parliament_constituency%29
West Aberdeenshire and Kincardine	Scotland	Scotland	West Aberdeenshire and Kincardine	http://en.wikipedia.org/wiki/West_Aberdeenshire_and_Kincardine_%28UK_Parliament_constituency%29
West Bromwich East	West Midlands	England	West Bromwich East	http://en.wikipedia.org/wiki/West_Bromwich_East_%28UK_Parliament_constituency%29
West Bromwich West	West Midlands	England	West Bromwich West	http://en.wikipedia.org/wiki/West_Bromwich_West_%28UK_Parliament_constituency%29
West Dorset	South West England	England	West Dorset	http://en.wikipedia.org/wiki/West_Dorset_%28UK_Parliament_constituency%29
West Dunbartonshire	Scotland	Scotland	West Dunbartonshire	http://en.wikipedia.org/wiki/West_Dunbartonshire_%28UK_Parliament_constituency%29
West Ham	Greater London	England	West Ham	http://en.wikipedia.org/wiki/West_Ham_%28UK_Parliament_constituency%29
West Lancashire	North West England	England	West Lancashire	http://en.wikipedia.org/wiki/West_Lancashire_%28UK_Parliament_constituency%29
West Suffolk	East of England	England	West Suffolk	http://en.wikipedia.org/wiki/West_Suffolk_%28UK_Parliament_constituency%29
West Tyrone	Northern Ireland	Northern Ireland	West Tyrone	http://en.wikipedia.org/wiki/West_Tyrone_%28UK_Parliament_constituency%29
West Worcestershire	West Midlands	England	West Worcestershire	http://en.wikipedia.org/wiki/West_Worcestershire_%28UK_Parliament_constituency%29
Westminster North	Greater London	England	Westminster North	http://en.wikipedia.org/wiki/Westminster_North_%28UK_Parliament_constituency%29
Westmorland and Lonsdale	North West England	England	Westmorland and Lonsdale	http://en.wikipedia.org/wiki/Westmorland_and_Lonsdale_%28UK_Parliament_constituency%29
Weston-Super-Mare	South West England	England	Weston Super Mare	http://en.wikipedia.org/wiki/Weston-super-Mare_%28UK_Parliament_constituency%29
Wigan	North West England	England	Wigan	http://en.wikipedia.org/wiki/Wigan_%28UK_Parliament_constituency%29
Wimbledon	Greater London	England	Wimbledon	http://en.wikipedia.org/wiki/Wimbledon_%28UK_Parliament_constituency%29
Winchester	South East England	England	Winchester	http://en.wikipedia.org/wiki/Winchester_%28UK_Parliament_constituency%29
Windsor	South East England	England	Windsor	http://en.wikipedia.org/wiki/Windsor_%28UK_Parliament_constituency%29
Wirral South	North West England	England	Wirral South	http://en.wikipedia.org/wiki/Wirral_South_%28UK_Parliament_constituency%29
Wirral West	North West England	England	Wirral West	http://en.wikipedia.org/wiki/Wirral_West_%28UK_Parliament_constituency%29
Witham	East of England	England	Witham	http://en.wikipedia.org/wiki/Witham_%28UK_Parliament_constituency%29
Witney	South East England	England	Witney	http://en.wikipedia.org/wiki/Witney_%28UK_Parliament_constituency%29
Woking	South East England	England	Woking	http://en.wikipedia.org/wiki/Woking_%28UK_Parliament_constituency%29
Wokingham	South East England	England	Wokingham	http://en.wikipedia.org/wiki/Wokingham_%28UK_Parliament_constituency%29
Wolverhampton North East	West Midlands	England	Wolverhampton North East	http://en.wikipedia.org/wiki/Wolverhampton_North_East_%28UK_Parliament_constituency%29
Wolverhampton South East	West Midlands	England	Wolverhampton South East	http://en.wikipedia.org/wiki/Wolverhampton_South_East_%28UK_Parliament_constituency%29
Wolverhampton South West	West Midlands	England	Wolverhampton South West	http://en.wikipedia.org/wiki/Wolverhampton_South_West_%28UK_Parliament_constituency%29
Worcester	West Midlands	England	Worcester	http://en.wikipedia.org/wiki/Worcester_%28UK_Parliament_constituency%29
Workington	North West England	England	Workington	http://en.wikipedia.org/wiki/Workington_%28UK_Parliament_constituency%29
Worsley and Eccles South	North West England	England	Worsley and Eccles South	http://en.wikipedia.org/wiki/Worsley_and_Eccles_South_%28UK_Parliament_constituency%29
Worthing West	South East England	England	Worthing West	http://en.wikipedia.org/wiki/Worthing_West_%28UK_Parliament_constituency%29
Wrexham	Wales	Wales	Wrexham	http://en.wikipedia.org/wiki/Wrexham_%28UK_Parliament_constituency%29
Wycombe	South East England	England	Wycombe	http://en.wikipedia.org/wiki/Wycombe_%28UK_Parliament_constituency%29
Wyre and Preston North	North West England	England	Wyre and Preston North	http://en.wikipedia.org/wiki/Wyre_and_Preston_North_%28UK_Parliament_constituency%29
Wyre Forest	West Midlands	England	Wyre Forest	http://en.wikipedia.org/wiki/Wyre_Forest_%28UK_Parliament_constituency%29
Wythenshawe and Sale East	North West England	England	Wythenshawe and Sale East	http://en.wikipedia.org/wiki/Wythenshawe_and_Sale_East_%28UK_Parliament_constituency%29
Yeovil	South West England	England	Yeovil	http://en.wikipedia.org/wiki/Yeovil_%28UK_Parliament_constituency%29
Ynys Mon	Wales	Wales	Ynys Mon	http://en.wikipedia.org/wiki/Ynys_Mon_%28UK_Parliament_constituency%29
York Central	Yorkshire and the Humber	England	York Central	http://en.wikipedia.org/wiki/York_Central_%28UK_Parliament_constituency%29
York Outer	Yorkshire and the Humber	England	York Outer	http://en.wikipedia.org/wiki/York_Outer_%28UK_Parliament_constituency%29
